钟点,aaa
位,aab
3,aac
:,aad
00,aae
~,aaf
8,aag
视网膜脱离,aah
",",aai
脱离,aaj
区域,aak
内,aal
斑驳,aam
RPE,aan
萎缩,aao
颞下,aap
中周,aaq
和,aar
周边,aas
、,aat
鼻下,aau
斑状,aav
无,aaw
灌注,aax
伴,aay
小丛,aaz
视网膜,aba
新生,abb
血管形成,abc
玻璃体混浊,abd
视盘,abe
未见,abf
明显,abg
异常,abh
荧光,abi
.,abj
视网膜血管,abk
及,abl
各,abm
象限,abn
像,abo
大致,abp
正常,abq
黄斑区,abr
拱环,abs
鼻,abt
上方,abu
静脉,abv
期,abw
可见,abx
点状,aby
高,abz
色素上皮,aca
损害,acb
结构,acc
中浆,acd
除,ace
鼻侧,acf
以外,acg
其余,ach
广泛,aci
毛细血管扩张,acj
渗漏,ack
颞上,acl
部,acm
片状,acn
视网膜缺损,aco
巨大,acp
裂孔,acq
边缘,acr
翻转,acs
考虑,act
RRD,acu
后极部,acv
分散,acw
微,acx
血管瘤,acy
稍,acz
有,ada
扩张,adb
部分,adc
管壁,add
荧光染色,ade
小静脉,adf
通透性,adg
增加,adh
周围,adi
小,adj
毛细血管,adk
闭塞,adl
区,adm
DR,adn
病灶,ado
脉络膜,adp
血管,adq
染料,adr
中,ads
周至,adt
陈旧性,adu
建议,adv
定期,adw
观察,adx
多,ady
发动,adz
交叉,aea
压迹,aeb
分支,aec
轻度,aed
壁染,aee
属,aef
微小,aeg
弥漫性,aeh
多发,aei
斑,aej
形成,aek
血管弓,ael
颞,aem
下,aen
为,aeo
甚,aep
黄斑,aeq
囊样,aer
水肿,aes
BRVO,aet
下方,aeu
地图,aev
状,aew
玻璃膜,aex
疣,aey
上,aez
表面,afa
周缘,afb
远中周,afc
散在,afd
色素,afe
脱失,aff
鼻上象限,afg
颞侧,afh
上下,afi
动静脉,afj
小斑,afk
远,afl
边界,afm
不清,afn
动脉,afo
较细,afp
迂曲,afq
至,afr
中周部,afs
数片,aft
前方,afu
大片,afv
低,afw
扩大,afx
CRVO,afy
较,afz
或成,aga
簇,agb
的,agc
灶性,agd
血管扩张,age
点状出血,agf
遮蔽,agg
以及,agh
灌注区,agi
IRMA,agj
征象,agk
非,agl
增殖,agm
型,agn
重度,ago
玻璃体,agp
条索,agq
鼻上,agr
清楚的,ags
视网膜萎缩,agt
纤维,agu
膜,agv
广泛的,agw
荧光素,agx
眼底,agy
血管造影,agz
造影,aha
过程,ahb
随,ahc
背景,ahd
改变,ahe
而,ahf
形态,ahg
大小,ahh
保持不变,ahi
下半视网膜,ahj
幕状,ahk
脉络膜萎缩,ahl
多个,ahm
见,ahn
条斑,aho
变性,ahp
走行,ahq
僵直,ahr
末端,ahs
纠集,aht
伴微,ahu
FEVR,ahv
节段性,ahw
着,ahx
染,ahy
中心,ahz
偏,aia
中心凹,aib
下的,aic
直径约,aid
1,aie
/,aif
3PD,aig
典型性,aih
CNV,aii
弧形,aij
灶,aik
点,ail
线状,aim
漆样,ain
裂纹,aio
性,aip
病理,aiq
近视,air
病变,ais
紊乱,ait
线条状,aiu
漆,aiv
高度近视,aiw
隐匿性,aix
广泛性,aiy
沉积物,aiz
近中,aja
周,ajb
为主,ajc
残留,ajd
光凝,aje
术后,ajf
糖尿病,ajg
斑点状,ajh
簇状,aji
减弱,ajj
末梢,ajk
局灶,ajl
前,ajm
积血,ajn
第三,ajo
漂浮,ajp
于,ajq
玻璃体腔,ajr
其,ajs
融合的,ajt
陈旧,aju
激光,ajv
全程,ajw
偏下,ajx
静脉扩张,ajy
其属区,ajz
火焰状,aka
出血,akb
明显的,akc
多处,akd
可,ake
透见,akf
血管网,akg
不明显,akh
PCV,aki
视网膜色素,akj
上皮,akk
组织,akl
染色,akm
各期,akn
弧,ako
数,akp
OCT,akq
检查,akr
走,aks
行弯曲,akt
渐有,aku
视网膜中央静脉,akv
阻塞,akw
膜形成,akx
管径,aky
粗细,akz
不均,ala
上支,alb
所属,alc
大量,ald
鼻侧视网膜,ale
血管闭塞,alf
局部,alg
行径,alh
结构破坏,ali
扭曲,alj
先天,alk
侧近,all
小灶,alm
数个,aln
神经上皮,alo
VKH,alp
后,alq
屈光间,alr
质不清,als
前膜,alt
间杂,alu
约,alv
2,alw
处,alx
显著,aly
数处,alz
<,ama
1PD,amb
状无,amc
中于,amd
阻挡,ame
位置,amf
不恒定,amg
未见异常,amh
质,ami
混浊,amj
血管膜,amk
视网膜水肿,aml
斑点,amm
结构变形,amn
局限性,amo
圆形,amp
原因,amq
待查,amr
在,ams
息肉状,amt
灶伴,amu
类,amv
圆形的,amw
小片,amx
近,amy
血管芽,amz
周为,ana
PDR,anb
其内,anc
可透见,and
轻微,ane
中间,anf
葡萄膜炎,ang
局灶性,anh
萎缩灶,ani
及其,anj
上缘,ank
增强,anl
2PD,anm
针尖,ann
玻璃,ano
CSC,anp
网点,anq
杯盘,anr
比,ans
充盈缺损,ant
纤细,anu
部为,anv
椒盐,anw
样,anx
团,any
絮状混浊,anz
半,aoa
端斑状,aob
走形,aoc
上半,aod
变小,aoe
包括,aof
网状,aog
变形,aoh
数团,aoi
多灶性,aoj
条带状,aok
渐,aol
出现,aom
增多,aon
活动性,aoo
区内,aop
甚伴,aoq
侧支循环,aor
部斑状,aos
半侧,aot
RVO,aou
青光眼,aov
期渐,aow
Behcet,aox
病,aoy
相对性,aoz
上半视网膜,apa
弱,apb
脉络膜炎,apc
平直,apd
近视眼,ape
底,apf
其中,apg
处见,aph
团状,api
素,apj
可辨,apk
Coats,apl
4PD,apm
外,apn
ICNV,apo
块状,app
请,apq
后极,apr
远端,aps
近端,apt
下缘,apu
侧缘,apv
破坏,apw
周灶性,apx
所在,apy
中度,apz
增殖期,aqa
状高,aqb
急性,aqc
坏死,aqd
恢复期,aqe
渐见,aqf
瘢痕,aqg
残存,aqh
交通支,aqi
引流,aqj
区见,aqk
大,aql
仅见,aqm
粗大,aqn
部低,aqo
区较,aqp
部多,aqq
息肉,aqr
脱离区,aqs
部见,aqt
斑渐,aqu
毛细血管通透性,aqv
见到,aqw
部可,aqx
微血管,aqy
强,aqz
有所,ara
余,arb
及条,arc
索状,ard
不变,are
花瓣,arf
变化,arg
见数,arh
团样,ari
不清楚,arj
弯曲,ark
无血管区,arl
壁有,arm
吲哚菁绿,arn
处小,aro
荧光增强,arp
可疑,arq
普遍,arr
血管炎,ars
原发性视网膜色素变性,art
数斑,aru
隐约,arv
符合,arw
下半部,arx
看不清,ary
炎,arz
AMD,asa
dry,asb
期间,asc
其间,asd
夹杂,ase
增生,asf
性强,asg
诊断,ash
CME,asi
疣样,asj
PED,ask
疣性,asl
远中,asm
周斑,asn
状点,aso
簇样,asp
聚焦,asq
不良,asr
爬行,ass
其上,ast
轻,asu
瘤样,asv
内在,asw
MRI,asx
超声,asy
不规则的,asz
血管性,ata
周局,atb
鼻下象限,atc
极,atd
絮状,ate
纵向的,atf
条形,atg
静止,ath
清,ati
浆液性,atj
诊,atk
专科,atl
带状,atm
1.5,atn
PD,ato
状透见,atp
局灶类,atq
上分支,atr
伴轻,ats
棉绒,att
高血压性视网膜病变,atu
旁,atv
BVN,atw
注意,atx
随访,aty
绕以,atz
环形,aua
对称性,aub
其近,auc
缘,aud
状强,aue
区域性,auf
局部异常,aug
吻合,auh
累及,aui
陈旧的,auj
视网膜黄斑,auk
小分支,aul
三个,aum
综合征,aun
小团,auo
屈光介质,aup
中至,auq
范围,aur
膨大,aus
并,aut
向,auu
下长入,auv
与,auw
血管吻合,aux
渗出,auy
灶渐,auz
围绕,ava
丛状,avb
散在的,avc
及其下,avd
缘斑,ave
环,avf
本身,avg
单纯性,avh
及局,avi
清晰,avj
萎缩性,avk
周及,avl
周边的,avm
欠清,avn
部灶性,avo
黄斑中心凹,avp
下斜,avq
行,avr
哑铃,avs
上和,avt
圆斑状,avu
视网膜变性,avv
不规则,avw
尚清,avx
偏小,avy
隆起,avz
前及,awa
视神经视网膜炎,awb
外周,awc
NPDR,awd
网,awe
弥漫的,awf
密集,awg
亦,awh
可以,awi
模糊,awj
云雾,awk
孔源性,awl
多局,awm
样高,awn
斑状弱,awo
从,awp
鼻下的,awq
清晰的,awr
小圆点,aws
状低,awt
先天性,awu
黄斑缺损,awv
脱色素,aww
出血点,awx
少量,awy
吻合支,awz
出,axa
呈,axb
所致,axc
连其,axd
多灶,axe
黄斑部,axf
缺血性,axg
视神经,axh
弥漫,axi
其下,axj
仍强,axk
伴近,axl
骨细胞,axm
多发性,axn
微动脉瘤,axo
性高,axp
内见,axq
稀疏,axr
充盈,axs
静脉回流,axt
基本,axu
DME,axv
补充光,axw
凝,axx
簇状强,axy
均,axz
全,aya
少许,ayb
斑样,ayc
双轨,ayd
征,aye
杯,ayf
一点,ayg
墨渍,ayh
蛇行,ayi
受累,ayj
硬性,ayk
星状,ayl
条状,aym
出血性,ayn
延迟,ayo
仅,ayp
伴其属,ayq
浅层,ayr
混浊性,ays
属支,ayt
聚集,ayu
稍强,ayv
伴有,ayw
见类,ayx
三角形,ayy
条,ayz
索性,aza
前条,azb
纤维膜,azc
性低,azd
牵拉,aze
见成,azf
斑外,azg
杯底,azh
羽毛状,azi
有髓神经纤维,azj
见点,azk
圆点,azl
缘见,azm
仍弱,azn
伴其下,azo
方舟,azp
下弱,azq
伴弱,azr
线状萎缩,azs
见局,azt
特别是,azu
周除,azv
区域边界,azw
不,azx
伴局,azy
带状排列,azz
RP,baa
6,bab
*,bac
富,bad
占位,bae
绕,baf
孤立,bag
脉络膜血管瘤,bah
玻璃体出血,bai
斑驳的,baj
拱,bak
环缩小,bal
周点,bam
一小,ban
部局,bao
周部,bap
伴其,baq
周弧,bar
窄,bas
性弱,bat
襻,bau
黄色斑点,bav
症,baw
结合,bax
彩照,bay
一,baz
其鼻,bba
皮质,bbb
可能性,bbc
周小,bbd
=,bbe
方向,bbf
拖曳,bbg
伸直,bbh
不清的,bbi
伴小,bbj
小簇,bbk
泡状,bbl
除外,bbm
显影,bbn
晶体,bbo
周小簇,bbp
Eales,bbq
脉络膜黑色素瘤,bbr
小圆,bbs
伴点,bbt
颞测,bbu
两个,bbv
大少,bbw
不一,bbx
相连,bby
半球,bbz
丰富,bca
吲哚,bcb
青绿,bcc
色素沉着,bcd
肿瘤,bce
会诊,bcf
睫状体,bcg
平滑肌瘤,bch
属区,bci
局限性水肿,bcj
影响,bck
成像质量,bcl
焦点,bcm
荧光素染料,bcn
弥散性,bco
葡萄串,bcp
炎性,bcq
偏弱,bcr
周小团,bcs
致密,bct
排除,bcu
全身感染,bcv
因素,bcw
周斑状,bcx
斑较,bcy
斑块,bcz
隐见,bda
影,bdb
偏鼻上,bdc
确切,bdd
慢性,bde
欠,bdf
均匀,bdg
未,bdh
半月形,bdi
放射状,bdj
清楚,bdk
成,bdl
凹陷,bdm
增大,bdn
不在,bdo
同一,bdp
平面,bdq
盘周,bdr
异位,bds
继发性,bdt
移位,bdu
IGA,bdv
结节,bdw
环绕,bdx
稍直,bdy
进一步,bdz
黄斑裂孔,bea
劈裂,beb
等,bec
情况,bed
串珠,bee
尤,bef
以下,beg
方及,beh
著,bei
蛇形,bej
各种,bek
余未见,bel
囊,bem
带样,ben
湿性,beo
老年,bep
黄斑变性,beq
一下,ber
全过程,bes
其属,bet
大小不等,beu
前锋,bev
小点,bew
略大于,bex
冲刷,bey
现象,bez
成簇,bfa
照相,bfb
图片,bfc
两,bfd
一片,bfe
浆的,bff
可能,bfg
全周,bfh
颗粒状,bfi
斑性,bfj
激光治疗,bfk
随后,bfl
消退,bfm
尚,bfn
原田,bfo
荧光点,bfp
视杯,bfq
孤立的,bfr
痣,bfs
处及,bft
2.5,bfu
治疗,bfv
缓慢,bfw
前移,bfx
部及,bfy
主干,bfz
以,bga
较大,bgb
FAZ,bgc
两处,bgd
样强,bge
融合,bgf
成片的,bgg
融合成,bgh
带状的,bgi
结晶,bgj
条纹状,bgk
无渗漏,bgl
细胞内,bgm
旁及,bgn
始终,bgo
沿,bgp
荧,bgq
颞尚,bgr
脉络膜视网膜萎缩,bgs
病理性,bgt
形,bgu
临床,bgv
但,bgw
其他,bgx
部位,bgy
周成,bgz
多点,bha
和局,bhb
动脉硬化,bhc
端的,bhd
中线,bhe
轮廓,bhf
短线,bhg
下端,bhh
端,bhi
弥散,bhj
部斑,bhk
色素斑点,bhl
沉着,bhm
斜入,bhn
后巩膜葡萄肿,bho
透见性,bhp
毛刷,bhq
稀疏的,bhr
区及,bhs
下支,bht
相应,bhu
周约,bhv
消失,bhw
显露,bhx
斑状强,bhy
侧局,bhz
处局,bia
颞下点,bib
静脉的,bic
沙硕样,bid
晶状体混浊,bie
成像,bif
或,big
部分融合,bih
迁移,bii
表现,bij
中心的,bik
扩张部分,bil
影子,bim
两片,bin
性质,bio
呈环形,bip
排列的,biq
单个,bir
较大的,bis
Fuchs,bit
旁有,biu
髓鞘,biv
神经纤维,biw
仍,bix
保持,biy
形态发育,biz
AION,bja
隐约可见,bjb
片,bjc
高强,bjd
见条,bje
偏低,bjf
因故,bjg
刚,bjh
交叉处,bji
逐渐增强,bjj
化,bjk
前期,bjl
开始,bjm
小支,bjn
睫状,bjo
中央动脉,bjp
并且,bjq
较少,bjr
除鼻上,bjs
视网膜中央动脉,bjt
再通,bju
一根,bjv
通过,bjw
脂质,bjx
4,bjy
部类,bjz
下强,bka
一类,bkb
仍见,bkc
方,bkd
团块,bke
中小,bkf
略,bkg
弥散点,bkh
簇透见,bki
变细,bkj
A,bkk
V,bkl
交叉压迫,bkm
微低,bkn
侧枝循环,bko
镰状,bkp
增殖性,bkq
伴斑,bkr
盘状,bks
稀少,bkt
斑见,bku
岛样,bkv
出血灶,bkw
遮挡,bkx
积存,bky
换班,bkz
及点,bla
Dalen,blb
-,blc
高低,bld
花瓣样,ble
及数,blf
之弱,blg
10,blh
滋养,bli
浅,blj
带,blk
皱襞,bll
位于,blm
及斑,bln
小线,blo
下边缘,blp
弧线,blq
wet,blr
可见的,bls
见斑,blt
所见,blu
放射,blv
皱褶,blw
云,blx
生理,bly
暗斑,blz
患儿,bma
合作,bmb
故,bmc
时期,bmd
无法,bme
采集,bmf
窥不清,bmg
灶及,bmh
样透见,bmi
缺血,bmj
程度较,bmk
C,bml
D,bmm
怒张,bmn
II,bmo
对焦,bmp
层间,bmq
斑透见,bmr
所,bms
辖,bmt
完整,bmu
加深,bmv
扇形,bmw
形状,bmx
一高,bmy
余中,bmz
片状组织,bna
大部分,bnb
月牙,bnc
浆液,bnd
血液,bne
巩膜,bnf
后葡萄肿,bng
尚可,bnh
内出血,bni
5PD,bnj
细节,bnk
部小,bnl
视网膜脉络膜炎,bnm
极至,bnn
闭塞性,bno
继发性视网膜脱离,bnp
旁小,bnq
血管充盈,bnr
CRAO,bns
下至,bnt
区局,bnu
请注意,bnv
病史,bnw
外伤,bnx
发作期,bny
动脉瘤,bnz
斑低,boa
竖,bob
椭圆形,boc
数条,bod
RAP,boe
终末,bof
缩窄,bog
局灶成,boh
前见,boi
环状,boj
不太,bok
部一,bol
Weiss,bom
色素痣,bon
动,boo
静脉充盈,bop
回流,boq
伴壁染,bor
不完全,bos
合并,bot
睫网,bou
双眼,bov
自发,bow
可见一斑,box
早,boy
星空,boz
影像,bpa
灶样,bpb
墨迹,bpc
条带,bpd
几个,bpe
盘缘,bpf
分辨,bpg
PDRDME,bph
矢状,bpi
两点,bpj
成片,bpk
光凝斑,bpl
弧状弱,bpm
及远,bpn
呈强,bpo
稍弱,bpp
伴高,bpq
新个生,bpr
不均匀,bps
中段,bpt
部一灶性,bpu
或者,bpv
斑状出血,bpw
灶缘,bpx
花冠,bpy
呈弱,bpz
视神经萎缩,bqa
强弱,bqb
对称的,bqc
缘至,bqd
毛糙的,bqe
视网膜锥,bqf
杆,bqg
细胞,bqh
营养不良,bqi
中下,bqj
样条,bqk
失去,bql
均质的,bqm
湮灭,bqn
Stargardt,bqo
象散,bqp
成斑,bqq
周三,bqr
小于,bqs
左侧,bqt
眼球震颤,bqu
中鼻上,bqv
不同,bqw
程度,bqx
最,bqy
可疑的,bqz
两小团,bra
多多,brb
不规则性,brc
典型,brd
小动脉,bre
小动脉瘤,brf
处有,brg
簇瘤样,brh
RRA,bri
肥大,brj
脉络,brk
膜通透性,brl
中见,brm
炊烟,brn
弧形的,bro
拟诊,brp
抗,brq
VEGF,brr
斑状点,brs
下方的,brt
窥见,bru
前舟,brv
斑和点,brw
圆,brx
特点,bry
及大,brz
轻微的,bsa
状微,bsb
环形的,bsc
上类,bsd
显,bse
内未见,bsf
渐显,bsg
患者,bsh
造影检查,bsi
更,bsj
中断,bsk
支,bsl
基底部,bsm
环状纤维,bsn
伴血管,bso
不伴,bsp
青排,bsq
点状的,bsr
水肿形成,bss
末端分支,bst
待排,bsu
界限,bsv
中心点,bsw
三处,bsx
期内,bsy
清晰可见,bsz
相对,bta
视,btb
网膜,btc
及及,btd
弧透见,bte
相连的,btf
PM,btg
良好,bth
弧低,bti
0.8,btj
毛细,btk
毛细血管瘤,btl
各个,btm
临近,btn
膜性,bto
骨样,btp
色素细胞,btq
广泛分布,btr
不佳,bts
体积,btt
血性,btu
硅油,btv
反光,btw
周大,btx
分布,bty
玻璃体膜,btz
各级,bua
毛,bub
干性,buc
检查报告,bud
状弱,bue
发育异常,buf
视野检查,bug
上皮组织,buh
类圆,bui
见高低,buj
乳头水肿,buk
乳头,bul
不完整,bum
见片,bun
检测,buo
到,bup
拍摄,buq
周见,bur
整个,bus
附近,but
荧光性,buu
界清,buv
视网膜色素变性,buw
亚型,bux
视网,buy
瘢痕组织,buz
上周,bva
部部局,bvb
渗出性,bvc
新月形,bvd
内侧缘,bve
各项,bvf
限,bvg
稳定,bvh
状及,bvi
见略,bvj
外缘,bvk
马蹄形,bvl
上极,bvm
高血压,bvn
受,bvo
见多局,bvp
囊袋样,bvq
尖端,bvr
朝向,bvs
血管丰富的,bvt
瘤体,bvu
三角形的,bvv
颞下经,bvw
线状排列,bvx
簇状弱,bvy
形态异常,bvz
4RVO,bwa
细小的,bwb
三支,bwc
倾向,bwd
旁弱,bwe
坏,bwf
内小,bwg
结构完整,bwh
中间部,bwi
均一,bwj
其周,bwk
轻轻,bwl
度,bwm
中重度,bwn
荧光的,bwo
交界处,bwp
条强,bwq
间,bwr
不能,bws
原发性,bwt
部高,bwu
PRE,bwv
血管分布,bww
瞳孔,bwx
DRI,bwy
一条,bwz
在上,bxa
另,bxb
走入,bxc
部稍,bxd
样低,bxe
缘小,bxf
缺乏,bxg
朦胧,bxh
不定,bxi
灶的,bxj
确切的,bxk
上端,bxl
外观,bxm
呈瘤样,bxn
线装,bxo
余中周,bxp
大小不一,bxq
微弱,bxr
晕,bxs
FAG,bxt
簇新,bxu
生,bxv
严重,bxw
PRP,bxx
具有,bxy
螺旋状,bxz
高度,bya
牛眼,byb
进展期,byc
稍低,byd
蝶形,bye
中央,byf
牵牛花,byg
新成,byh
存在,byi
外余,byj
血管壁,byk
牵引,byl
染灶,bym
呈节,byn
段,byo
区的,byp
格子,byq
小叶,byr
明显增加,bys
F,byt
周小段,byu
弥散的,byv
曲折,byw
无症状,byx
缘小簇,byy
大于,byz
血管病,bza
变局,bzb
眼,bzc
直径,bzd
软性,bze
图像,bzf
方圆,bzg
皮萎缩,bzh
填充,bzi
两小簇,bzj
眼位,bzk
上局,bzl
微动脉,bzm
粟粒状,bzn
位置不变,bzo
占位性,bzp
黑瘤,bzq
闭锁,bzr
浓厚,bzs
深层,bzt
部未见,bzu
星芒状,bzv
为重,bzw
结果,bzx
黄,bzy
PDRVH,bzz
中心性,caa
脉络膜视网膜病,cab
变,cac
相当于,cad
倍,cae
结构异常,caf
个,cag
小囊,cah
窗样,cai
缺损,caj
形及,cak
染伴,cal
FEVER,cam
液平,can
晕状,cao
点样,cap
性富,caq
周略,car
其所辖,cas
同心圆,cat
PR,cau
线,cav
不足,caw
部灶,cax
U,cay
提前,caz
终止,cba
余下,cbb
稍微,cbc
伴其上,cbd
各见,cbe
活动期,cbf
性前,cbg
下远,cbh
炎症,cbi
二,cbj
三级,cbk
P,cbl
D盘,cbm
成分,cbn
部见局,cbo
畸形,cbp
花蕊,cbq
扩展,cbr
外围,cbs
荧光带,cbt
视神经炎,cbu
横向,cbv
细,cbw
即,cbx
6PD,cby
光凝后,cbz
索样,cca
以后,ccb
一过性,ccc
白点,ccd
嵴,cce
血光,ccf
瘤,ccg
较直,cch
窥清,cci
伴较,ccj
规则的,cck
大体,ccl
下半,ccm
可见区域,ccn
提示,cco
弧高,ccp
一地,ccq
图样,ccr
静脉炎,ccs
动脉血,cct
管,ccu
淋巴瘤,ccv
内科,ccw
小弧,ccx
小孩,ccy
配合,ccz
欠佳,cda
边缘模糊,cdb
也,cdc
一团,cdd
斑及,cde
对应,cdf
伴灶性,cdg
水平线,cdh
动静,cdi
侧静脉,cdj
模糊不清,cdk
大丛,cdl
内及,cdm
增殖性视网膜病,cdn
逐渐,cdo
区于,cdp
尚未,cdq
鼻上点,cdr
B超,cds
11,cdt
秒,cdu
节段,cdv
内局,cdw
前点,cdx
似有,cdy
囊肿,cdz
外侧缘,cea
D0.7,ceb
退行,cec
颞下局,ced
1P,cee
Y,cef
字形,ceg
附件,ceh
湖状,cei
集合,cej
血管节,cek
僵硬,cel
ERG,cem
打,cen
了,ceo
延至,cep
狭窄,ceq
卵圆形,cer
现状,ces
2s,cet
及微,ceu
斑片样,cev
应,cew
数小,cex
不排除,cey
阶段性,cez
左,cfa
见团,cfb
弥漫性萎缩,cfc
放射性,cfd
损坏,cfe
我,cff
塞,cfg
上半部,cfh
随诊,cfi
变直,cfj
弓蛔虫病,cfk
火焰,cfl
血管丛,cfm
旁漆,cfn
上次,cfo
比较,cfp
下部,cfq
无伴,cfr
尤重,cfs
脉络膜缺损,cft
弓,cfu
旁局,cfv
眼底检查,cfw
团簇,cfx
壁染伴,cfy
缺失,cfz
中央区,cga
类型,cgb
腊肠,cgc
壁,cgd
DMENPDROs,cge
尤其,cgf
区未见,cgg
PIC,cgh
弧性,cgi
眼球下转,cgj
变行,cgk
该处,cgl
疤痕,cgm
沟通,cgn
显弱,cgo
旁约,cgp
扩航,cgq
明确,cgr
部小段,cgs
此外,cgt
轻度的,cgu
不等,cgv
关注,cgw
较多斑,cgx
RPER,cgy
周较,cgz
下发,cha
那个,chb
内侧,chc
弥漫性的,chd
内类,che
半为,chf
多的,chg
缘处,chh
血案,chi
密集的,chj
处斑状,chk
减少,chl
最为,chm
显示,chn
视网膜内层,cho
变薄,chp
层,chq
低中,chr
反射信号,chs
全身性,cht
成串的,chu
短暂性,chv
靠近,chw
走出,chx
5,chy
外较,chz
可见水平,cia
分界线,cib
发散,cic
多团,cid
粟粒样,cie
成人,cif
虫,cig
噬,cih
ARN,cii
期中,cij
毛细管扩张,cik
囊状,cil
散,cim
在线,cin
瘢痕期,cio
感染,cip
免疫,ciq
发明,cir
暗条纹,cis
部较,cit
枪型,ciu
总干样,civ
3.5,ciw
多条,cix
状漆样,ciy
少量的,ciz
周多,cja
横,cjb
全程无,cjc
机化,cjd
连续,cje
三角形排列,cjf
细小,cjg
层间水,cjh
肿,cji
渗出物,cjj
下局,cjk
排空,cjl
中仅,cjm
中心局,cjn
炎后,cjo
脉络膜脱离,cjp
或小簇,cjq
视野,cjr
多焦,cjs
从盘,cjt
沿处,cju
象限的,cjv
积液,cjw
支及,cjx
此,cjy
捏,cjz
余窥不清,cka
中未见,ckb
黑斑,ckc
脉络膜肿瘤,ckd
转移,cke
Ca,ckf
区渐,ckg
中部,ckh
大面积,cki
灶微,ckj
伴小簇,ckk
大量的,ckl
条纹,ckm
伴斑状,ckn
毛血,cko
MEWDS,ckp
三点,ckq
ARB,ckr
伴成,cks
发条,ckt
油水界面,cku
性透见,ckv
类环,ckw
粗大的,ckx
交感性眼炎,cky
期间中,ckz
伴行静脉,cla
血常规检查,clb
囊袋,clc
旁见,cld
及近,cle
静脉管,clf
半身,clg
质欠,clh
方为,cli
盘端,clj
橘皮,clk
短,cll
树枝状,clm
分布的,cln
外见,clo
该,clp
弧样,clq
见微,clr
稍细,cls
伴节,clt
中央部分,clu
染区,clv
向前,clw
延伸,clx
血管束,cly
色素性,clz
NPDRDME,cma
盘沿,cmb
较为,cmc
直角,cmd
深入,cme
截止,cmf
靠前,cmg
阻滞,cmh
2mm,cmi
看不到,cmj
部窥不清,cmk
飘动,cml
损管,cmm
23,cmn
暴露,cmo
部欠,cmp
延长,cmq
下及,cmr
下低,cms
以弱,cmt
较多弱,cmu
后部,cmv
恢复,cmw
顶端,cmx
图像质量,cmy
屈光不正,cmz
FF,cna
周期,cnb
血管的,cnc
连,cnd
分别,cne
一处,cnf
经脉,cng
多片,cnh
家族性,cni
渗出性视网膜病,cnj
盘处,cnk
尤为,cnl
白内障,cnm
微动,cnn
以鼻下,cno
疣的,cnp
斑斑,cnq
缺如,cnr
识破,cns
毛细血管扩张病,cnt
撕裂,cnu
非典型,cnv
骨瘤,cnw
继发,cnx
既往,cny
外侧段,cnz
象限点,coa
典型成分,cob
尤以,coc
分之,cod
格栅,coe
晚呈点,cof
血管层,cog
细细,coh
粗短,coi
比例,coj
期即,cok
4.5,col
两端,com
网格,con
状漆,coo
上岗,cop
四个,coq
手术,cor
条索样,cos
炎症性,cot
散不开,cou
IOL,cov
见瘤样,cow
上缘纤维,cox
1.4,coy
形高,coz
明细,cpa
呈片,cpb
导致,cpc
性的,cpd
弱高,cpe
暗带,cpf
临床诊断,cpg
稳定期,cph
上见,cpi
舟状,cpj
新发,cpk
团簇状,cpl
特发性,cpm
疑似,cpn
蚯蚓,cpo
被,cpp
伴其旁,cpq
后缘,cpr
小类,cps
圆性,cpt
点及,cpu
点高,cpv
颗粒,cpw
有着,cpx
中州,cpy
灶舟,cpz
进,cqa
四处,cqb
经过,cqc
直行,cqd
弧强,cqe
沿原,cqf
窥,cqg
不见,cqh
获取,cqi
圆弧形,cqj
typeI,cqk
网上,cql
缘为,cqm
纤维组织,cqn
旁未,cqo
几处,cqp
神经,cqq
眼科,cqr
多道,cqs
平行的,cqt
呈环,cqu
带状分布,cqv
动脉的,cqw
行至,cqx
楔形,cqy
周条,cqz
0.5,cra
甚清,crb
泡状隆起,crc
互相,crd
X,cre
连锁,crf
遗传性,crg
结构显示,crh
ICg,cri
部环,crj
中渐,crk
物,crl
视网膜缺血,crm
形的,crn
视网膜血管瘤病,cro
三面,crp
镜检查,crq
小坑,crr
不合作,crs
铺路石,crt
较多微,cru
匍行性,crv
脉络膜视网膜炎,crw
多簇,crx
部点,cry
全部,crz
一瘤样,csa
旁瘤样,csb
侧端,csc
有局,csd
有晕状,cse
形斑,csf
球形,csg
绒球,csh
肾形,csi
切迹,csj
d,csk
锥,csl
暗区,csm
壁渐,csn
多片状,cso
更加,csp
强度,csq
偏鼻下,csr
内较,css
感染性,cst
leukemia,csu
部仅,csv
管较,csw
I,csx
ROP,csy
7,csz
原,cta
处渐,ctb
邻近,ctc
验光,ctd
一局,cte
发现,ctf
小条,ctg
似为,cth
Leber,cti
荧灶,ctj
浆,ctk
向上,ctl
OCTA,ctm
局灶点,ctn
规整,cto
黄斑病,ctp
上元,ctq
花边,ctr
外部,cts
再,ctt
下极,ctu
之间,ctv
伴睫状,ctw
循环,ctx
良性,cty
若,ctz
浓厚的,cua
积,cub
半球形,cuc
血肿,cud
网脱,cue
大肖,cuf
环形纤维,cug
灶见,cuh
屈膝,cui
眼压,cuj
斑伴,cuk
那,cul
6PDRPE,cum
下距,cun
达,cuo
花环,cup
前云,cuq
VH,cur
末期,cus
对,cut
葡萄,cuu
段样,cuv
呈团,cuw
外侧,cux
辨认,cuy
判读,cuz
垂直,cva
螺旋,cvb
不均匀的,cvc
BNV,cvd
脉,cve
0,cvf
CSCR,cvg
簇强,cvh
纤维条,cvi
索,cvj
收缩,cvk
豹斑,cvl
乳斑,cvm
束见,cvn
前弱,cvo
团装,cvp
扩张的,cvq
未成熟,cvr
儿,cvs
半圆形,cvt
边沿,cvu
增粗,cvv
难以辨认,cvw
反应,cvx
偏轻,cvy
一个,cvz
缠绕,cwa
相邻,cwb
内灶性,cwc
老年性,cwd
似乎,cwe
小的,cwf
无血供,cwg
高样,cwh
NDPR,cwi
回流受阻,cwj
CRVOME,cwk
撕脱,cwl
外层,cwm
占位病变,cwn
转移癌,cwo
见光,cwp
凝斑性,cwq
一约,cwr
明确诊断,cws
膜样,cwt
葡萄肿,cwu
弧状,cwv
coats,cww
杂色,cwx
组,cwy
增值,cwz
多支,cxa
锐角,cxb
进入,cxc
MACTelII,cxd
呈现,cxe
CVAO,cxf
+,cxg
以鼻,cxh
12,cxi
不全,cxj
残端,cxk
略强,cxl
有点,cxm
斑状萎缩,cxn
高于,cxo
往前,cxp
周强,cxq
部无,cxr
夹,cxs
数道,cxt
下半小,cxu
状状,cxv
斑状玻璃,cxw
多量,cxx
各未见,cxy
状物,cxz
期见,cya
湖形,cyb
之透见,cyc
鼻塞,cyd
回旋,cye
长条形,cyf
染色性,cyg
质量,cyh
染色斑点,cyi
肉芽肿,cyj
伴瘤样,cyk
个别,cyl
间质,cym
荧光色素,cyn
较小,cyo
各有,cyp
疑为,cyq
痕,cyr
囊腔样,cys
断流,cyt
部疑,cyu
BRVOME,cyv
两侧,cyw
瘢痕形成,cyx
超过,cyy
10PD,cyz
变型,cza
脱透见,czb
双侧,czc
颈动脉,czd
超声检查,cze
葡萄膜,czf
之前,czg
已,czh
呈类,czi
较多局,czj
勾勒,czk
出一,czl
下面,czm
相关,czn
月牙形,czo
长条状,czp
长短不一,czq
破裂带,czr
及漆,czs
萎,czt
进中,czu
进中周,czv
长方形,czw
红外光,czx
颞下区,czy
睫状视网膜动脉,czz
中高,daa
活动,dab
两小,dac
表面不规则,dad
一直,dae
相隔,daf
小舟,dag
周围神经,dah
晕环,dai
迟滞,daj
细条纹,dak
接近,dal
PDRPRP,dam
岛状,dan
二级,dao
下半中,dap
外的,daq
是,dar
盘前,das
爬,dat
梭型,dau
蕨类植物,dav
束,daw
伸至,dax
后方,day
盘,daz
周线,dba
偏直,dbb
颅内高压,dbc
急进,dbd
内偏,dbe
渔网,dbf
正下方,dbg
灶状,dbh
19.14,dbi
21.24,dbj
26.17,dbk
凹面,dbl
本页,dbm
主要,dbn
星形的,dbo
视网膜的,dbp
数目,dbq
脱,dbr
DEM,dbs
指状,dbt
肿物,dbu
可见范围,dbv
小岛,dbw
及余,dbx
视网膜点,dby
下半及,dbz
ME,dca
环弱,dcb
下类,dcc
近段,dcd
带及,dce
环绕的,dcf
商贩,dcg
侧线,dch
萎缩斑,dci
斑片,dcj
灶类,dck
及弥性,dcl
周无,dcm
布满,dcn
>,dco
及时,dcp
炎性浸润,dcq
有无,dcr
期于,dcs
增粗伴,dct
通透,dcu
灶低,dcv
部分活动,dcw
余所,dcx
瘤状,dcy
其远,dcz
伪足,dda
有微,ddb
30,ddc
增殖区,ddd
Sticklersyndrome,dde
一灶性,ddf
大中,ddg
英光,ddh
视网膜炎,ddi
圆环,ddj
鼻下点,ddk
狭长,ddl
0.6,ddm
CT,ddn
破裂,ddo
致密的,ddp
处小簇,ddq
及团,ddr
眼轴,dds
测量,ddt
三字,ddu
啊,ddv
内层,ddw
区间,ddx
棒状,ddy
周围区域,ddz
大范围的,dea
挫伤,deb
短少,dec
持续性,ded
扭曲的,dee
大范围,def
旁灶性,deg
表面染色,deh
纵向,dei
斑状的,dej
砂硕样,dek
极部,del
周两小簇,dem
砂砾,den
孔缘,deo
0.95,dep
数量,deq
外科,der
压迫,des
伴属区,det
上点,deu
可获得的,dev
余均,dew
半支,dex
连接,dey
中等量,dez
两条,dfa
供养,dfb
8PD,dfc
沿着,dfd
辐轮样,dfe
羽状,dff
持续,dfg
中浆样,dfh
处较,dfi
周团,dfj
多发性血管瘤,dfk
赤道,dfl
英光区,dfm
卷曲的,dfn
数簇,dfo
显像,dfp
血管扩张的,dfq
小局,dfr
周围的,dfs
荧光照相,dft
着色,dfu
玻血,dfv
wAMD,dfw
梭形,dfx
睫状后,dfy
部份,dfz
一囊,dga
袋样,dgb
油液,dgc
界面,dgd
球状,dge
PPV,dgf
邹褶样,dgg
半周,dgh
灰白色,dgi
片中,dgj
发育不良,dgk
后葡萄膜炎,dgl
及岛,dgm
斑处,dgn
部件,dgo
纤细的,dgp
额低,dgq
下见,dgr
窥不进,dgs
一低,dgt
中心部分,dgu
端微,dgv
板层,dgw
散光,dgx
显著的,dgy
眼球,dgz
伴伴,dha
处灶,dhb
处圆,dhc
玻璃体切除,dhd
排列规则,dhe
部渐,dhf
囊样变性,dhg
即见,dhh
IGCA,dhi
周部边,dhj
处低,dhk
纠结,dhl
内弱,dhm
周边区域,dhn
伴为,dho
两圆,dhp
一弧,dhq
线状的,dhr
假性视乳头水肿,dhs
问起,dht
更为,dhu
深处,dhv
病有,dhw
侧眼,dhx
下约,dhy
维持不变,dhz
破裂性,dia
纤维素,dib
仍见数,dic
缘灶性,did
略有,die
部长,dif
样弱,dig
片状玻璃,dih
以上,dii
相应的,dij
旁漆样,dik
外段,dil
羽毛,dim
样伴,din
淹没,dio
正上方,dip
膜的,diq
正,dir
弥漫性损害,dis
赤光,dit
大部,diu
多灶样,div
drusen,diw
靠,dix
内透见,diy
MH,diz
侧牵引,dja
不清晰,djb
走向,djc
伴多,djd
局部隆起,dje
细点,djf
血清学检查,djg
发育,djh
CMV,dji
均一的,djj
数灶,djk
锐利,djl
你,djm
之后,djn
小瘤,djo
Dursen,djp
出约,djq
指向,djr
裂伤,djs
stickler,djt
侧视,dju
牵引性,djv
倾斜,djw
方位,djx
两者之间,djy
损伤,djz
偏暗,dka
距,dkb
后小动脉,dkc
动静脉吻合,dkd
树枝,dke
端局,dkf
极端,dkg
旁见局,dkh
各处,dki
行略,dkj
班,dkk
攀,dkl
性细胞,dkm
凹处,dkn
Ω,dko
可间,dkp
早起,dkq
旁高,dkr
眼部,dks
周处,dkt
簇状轻,dku
模糊的,dkv
HRVO,dkw
睫状体脱离,dkx
呈囊,dky
袋状,dkz
簇状微,dla
损害的,dlb
×,dlc
包绕,dld
弧及,dle
同时,dlf
锯齿状,dlg
锯齿缘,dlh
波及,dli
水油,dlj
疑有,dlk
荧光团,dll
未见明,dlm
内上,dln
毛细血管层,dlo
块样,dlp
强化,dlq
灶性出血,dlr
四点,dls
累计,dlt
共,dlu
靶心,dlv
遮盖,dlw
RD,dlx
判别,dly
各支,dlz
偏上,dma
各下,dmb
不典型,dmc
前线,dmd
并发,dme
一簇,dmf
多层次,dmg
性病变,dmh
交界,dmi
不适,dmj
长的,dmk
毛细管,dml
封闭,dmm
内高,dmn
灶弱,dmo
RPR,dmp
处约,dmq
下高,dmr
必要时,dms
VEP,dmt
9,dmu
未及,dmv
样漆,dmw
及视,dmx
个类,dmy
瓣状,dmz
浑浊性,dna
内团,dnb
突入,dnc
Von,dnd
Hipple,dne
VHL,dnf
更清,dng
未有,dnh
屏障,dni
潴留,dnj
斑弱,dnk
人形,dnl
向上的,dnm
暗点,dnn
分布密度,dno
密布,dnp
灶高,dnq
巩膜葡萄肿,dnr
CHRPE,dns
荧光强度,dnt
稍退,dnu
颞半,dnv
裸露,dnw
区透见,dnx
渐强,dny
颅内,dnz
沉积,doa
行经,dob
过度,doc
增益,dod
局灶弱,doe
渗透性,dof
斑微,dog
Stargardts,doh
视锥细胞,doi
陈呈低,doj
端点,dok
内部,dol
水,dom
滴状的,don
类似,doo
卵黄,dop
沙漏,doq
膜内,dor
向下移位,dos
部见点,dot
管壁增,dou
粗,dov
查,dow
血糖,dox
弓形虫,doy
畏光,doz
脱位,dpa
晶状体,dpb
弓形,dpc
体性,dpd
所在区域,dpe
簇状状,dpf
IRAM,dpg
伴一,dph
内增殖,dpi
皱折,dpj
椭圆状,dpk
疾病,dpl
conedystrophy,dpm
电,dpn
量,dpo
部分和,dpp
微血,dpq
补充,dpr
报告,dps
丝,dpt
絮状的,dpu
靠后,dpv
灶内,dpw
AZOOR,dpx
焦,dpy
难,dpz
带液,dqa
平的,dqb
局域,dqc
哦,dqd
数点,dqe
姓名,dqf
密集点,dqg
孔,dqh
新,dqi
静,dqj
珊瑚,dqk
处为,dql
段状,dqm
一球性,dqn
上瘤样,dqo
扇贝,dqp
直达,dqq
纹样,dqr
半远,dqs
超,dqt
长度,dqu
减退,dqv
处强,dqw
引起,dqx
两团,dqy
渗,dqz
NVD,dra
光伴,drb
去,drc
黄白色,drd
物质,dre
常染色体,drf
隐性,drg
Best,drh
出发,dri
血管瘤的,drj
下缘纤维,drk
Valsalva,drl
前团,drm
之,drn
BEST,dro
止端,drp
MM,drq
影像判读,drr
伴大,drs
管腔,drt
垂直分布,dru
萎缩的,drv
不完全性,drw
垂直分支,drx
样小,dry
沿高,drz
神经纤维层,dsa
舌状,dsb
侧的,dsc
内有,dsd
黑,dse
因,dsf
是否,dsg
后囊,dsh
轻至,dsi
50,dsj
60D,dsk
椭圆型,dsl
见弱,dsm
肾形的,dsn
处点,dso
新旧,dsp
以鼻上,dsq
滋养动脉,dsr
体内,dss
桑葚,dst
数小簇,dsu
很,dsv
糖尿,dsw
行性,dsx
集结,dsy
帽状,dsz
科,dta
处多局,dtb
移动,dtc
放疗,dtd
周属区,dte
DRVH,dtf
部条,dtg
斑荧,dth
例,dti
相吻合,dtj
单侧性,dtk
伴鼻下,dtl
再生障碍性贫血,dtm
局部性,dtn
中央型,dto
正常区域,dtp
强伴,dtq
残余,dtr
几乎,dts
沿及,dtt
PVEP,dtu
样轻,dtv
荧光染料,dtw
蝶样,dtx
其鼻上,dty
小短,dtz
一小片,dua
不完全的,dub
色,duc
团伴,dud
装漆样,due
弓鼻下,duf
向中心,dug
小部分,duh
鼻下云,dui
使,duj
局限,duk
部和远,dul
为期,dum
区低,dun
眼病,duo
视网膜下的,dup
放射状的,duq
一小段,dur
蜂窝,dus
定期复查,dut
散乱的,duu
炎性萎缩,duv
明暗,duw
相间,dux
光带,duy
纹理,duz
未伴,dva
囊状息肉,dvb
部外,dvc
形状不规则,dvd
短小,dve
伴团,dvf
点晕状,dvg
近似,dvh
梭,dvi
形弱,dvj
将,dvk
小凹,dvl
轻型,dvm
及小团,dvn
内区域,dvo
素色,dvp
血供,dvq
未能,dvr
级新生,dvs
两簇,dvt
色度,dvu
样分布,dvv
不负责的,dvw
后边,dvx
不可见,dvy
不明,dvz
来源,dwa
裂隙,dwb
Bechet,dwc
印戒样,dwd
数支,dwe
局,dwf
周灶点,dwg
线样,dwh
内移位,dwi
普遍性,dwj
偶见,dwk
垫压,dwl
REP,dwm
蔓状,dwn
膨隆,dwo
方针,dwp
尖状,dwq
下端点,dwr
RPEs,dws
监测,dwt
血压,dwu
璃,dwv
体,dww
多灶弱,dwx
DalenFuchs,dwy
交替,dwz
靠拢,dxa
各异,dxb
环内的,dxc
近局,dxd
异常弯曲,dxe
周两簇,dxf
带状纤维,dxg
旁的,dxh
及盘,dxi
UBM,dxj
炎局,dxk
有一点,dxl
可以的,dxm
环扎,dxn
肾,dxo
处大,dxp
稀薄的,dxq
扇形的,dxr
中晚,dxs
旁边,dxt
血管囊,dxu
遗传基因,dxv
外及,dxw
绕低,dxx
尚存,dxy
尅,dxz
0.7,dya
见节,dyb
前至,dyc
毛玻璃,dyd
感,dye
旁为,dyf
风湿,dyg
相关检查,dyh
金中周,dyi
附着于,dyj
后表面,dyk
周云,dyl
术,dym
四项,dyn
少数,dyo
比大,dyp
不支持,dyq
散瞳,dyr
体强,dys
向周围,dyt
相关性,dyu
球内,dyv
逆行,dyw
区旁,dyx
遗传性疾病,dyy
近视弧形斑,dyz
Behcets,dza
有关,dzb
Bietti,dzc
余可,dzd
处斑,dze
吻合的,dzf
排列,dzg
及膜,dzh
样物,dzi
覆盖,dzj
问题,dzk
染及,dzl
区域聚焦,dzm
VI,dzn
图形,dzo
5.5,dzp
水滴形,dzq
大微,dzr
E通,dzs
透性,dzt
脉络膜玻璃膜疣,dzu
顶部,dzv
绒细状,dzw
黑色素瘤,dzx
形透见,dzy
相互,dzz
缠结,eaa
晚,eab
偏斜,eac
部明,ead
全闭,eae
PDRVI,eaf
积雪,eag
一致的,eah
他,eai
边缘锐利,eaj
尚轻,eak
下周,eal
血流,eam
不连续,ean
断,eao
横向的,eap
及全,eaq
圆孔,ear
来源不明,eas
处多,eat
大多,eau
高危,eav
上部,eaw
Drusen,eax
无小,eay
结节状,eaz
下有小,eba
白,ebb
差,ebc
完全,ebd
及小条,ebe
形变,ebf
直,ebg
性状,ebh
边界线,ebi
晕轮,ebj
葫芦,ebk
点旁,ebl
亮点,ebm
片状的,ebn
匐,ebo
斑小,ebp
就诊,ebq
支脉,ebr
图像模糊,ebs
房水,ebt
粗颗粒,ebu
高周,ebv
内多,ebw
味素,ebx
蝶翅,eby
皱缩,ebz
边界区,eca
白塞病,ecb
眼底出血,ecc
荧光色,ecd
照,ece
毛躁,ecf
经,ecg
波浪状的,ech
龟板,eci
不同的,ecj
焦距,eck
隆起的,ecl
其余部分,ecm
部分的,ecn
并渐,eco
阻塞点,ecp
影像模糊,ecq
似,ecr
眼眶,ecs
忋,ect
变窄,ecu
0.9,ecv
过小,ecw
IV,ecx
级,ecy
鼻下局,ecz
五个,eda
两小段,edb
角膜,edc
陈旧性出血,edd
很少,ede
方向的,edf
感染性葡萄膜炎,edg
圆心,edh
数排,edi
强高,edj
夹角,edk
减小,edl
迟到,edm
皱缩的,edn
灯笼,edo
表层,edp
蛔虫感染,edq
IMRA,edr
视觉,eds
待,edt
部约,edu
片低,edv
全身检查,edw
头晕,edx
向内生长,edy
RCA,edz
小团弱,eea
边,eeb
性点,eec
灶岛样,eed
无脉络膜,eee
及弱,eef
定期检查,eeg
行未见,eeh
浅淡,eei
下斑状,eej
极小,eek
彩超,eel
处舟,eem
锥杆,een
横跨,eeo
半月形的,eep
颞缘点,eeq
多角形,eer
脑回,ees
部的,eet
前段,eeu
小动脉炎,eev
蛛网状,eew
下限,eex
下微,eey
位约,eez
基因,efa
筛查,efb
据,efc
造型,efd
下细,efe
簇状炎,eff
且,efg
Coat,efh
弱低,efi
