1.,aaa
视网膜,aab
动,aac
静脉充盈,aad
回流时间,aae
正常,aaf
od,aag
;,aah
2.,aai
钟点,aaj
位,aak
3,aal
:,aam
00,aan
~,aao
8,aap
视网膜脱离,aaq
",",aar
脱离,aas
区域,aat
内,aau
斑驳,aav
RPE,aaw
萎缩,aax
3.,aay
颞下,aaz
中周,aba
和,abb
周边,abc
鼻下,abd
斑状,abe
无,abf
灌注,abg
伴,abh
小丛,abi
新生,abj
血管形成,abk
4.,abl
玻璃体混浊,abm
 ,abn
5.,abo
视盘,abp
未见,abq
明显,abr
异常,abs
荧光,abt
.,abu
请,abv
结合,abw
临床,abx
大致,aby
os,abz
视网膜血管,aca
及,acb
各,acc
象限,acd
左眼,ace
FFA,acf
像,acg
黄斑区,ach
拱环,aci
鼻,acj
上方,ack
静脉,acl
期,acm
可见,acn
点状,aco
高,acp
(,acq
色素上皮,acr
损害,acs
?,act
),acu
后期,acv
荧光素,acw
渗漏,acx
扩大,acy
晚期,acz
积存,ada
结构,adb
中浆,adc
时间,add
除,ade
鼻侧,adf
以外,adg
其余,adh
广泛,adi
毛细血管扩张,adj
颞上,adk
部,adl
片状,adm
视网膜缺损,adn
巨大,ado
裂孔,adp
边缘,adq
翻转,adr
造影,ads
轻度,adt
染色,adu
考虑,adv
RRDos,adw
后极部,adx
分散,ady
微,adz
血管瘤,aea
稍,aeb
有,aec
扩张,aed
部分,aee
管壁,aef
荧光染色,aeg
小静脉,aeh
通透性,aei
增加,aej
周围,aek
小,ael
毛细血管,aem
闭塞,aen
区,aeo
水肿,aep
DR,aeq
右眼,aer
ICGA,aes
早期,aet
病灶,aeu
脉络膜,aev
血管,aew
染料,aex
中,aey
周至,aez
陈旧性,afa
建议,afb
定期,afc
观察,afd
多,afe
发动,aff
交叉,afg
压迹,afh
分支,afi
静脉回流,afj
迟缓,afk
壁染,afl
属,afm
微小,afn
弥漫性,afo
多发,afp
斑,afq
形成,afr
血管弓,afs
颞,aft
下,afu
为,afv
甚,afw
黄斑,afx
囊样,afy
杯底,afz
BRVOos,aga
下方,agb
地图,agc
状,agd
局部,age
仅见,agf
粗大,agg
呈,agh
低,agi
大量,agj
玻璃膜,agk
疣,agl
上,agm
表面,agn
周缘,ago
远中周,agp
散在,agq
色素,agr
脱失,ags
鼻上象限,agt
颞侧,agu
上下,agv
动静脉,agw
小斑,agx
远,agy
边界,agz
不清,aha
动脉,ahb
较细,ahc
迂曲,ahd
至,ahe
中周部,ahf
数片,ahg
前方,ahh
大片,ahi
CRVO,ahj
较,ahk
或成,ahl
簇,ahm
的,ahn
灶性,aho
血管扩张,ahp
点状出血,ahq
遮蔽,ahr
以及,ahs
灌注区,aht
IRMA,ahu
征象,ahv
非,ahw
增殖,ahx
型,ahy
重度,ahz
大体,aia
玻璃体,aib
条索,aic
鼻上,aid
清楚的,aie
视网膜萎缩,aif
纤维,aig
膜,aih
广泛的,aii
6,aij
眼底,aik
血管造影,ail
过程,aim
随,ain
背景,aio
改变,aip
而,aiq
形态,air
大小,ais
保持不变,ait
下半视网膜,aiu
幕状,aiv
脉络膜萎缩,aiw
多个,aix
见,aiy
条斑,aiz
变性,aja
走行,ajb
僵直,ajc
末端,ajd
纠集,aje
伴微,ajf
着,ajg
染,ajh
FEVRos,aji
节段性,ajj
中心,ajk
偏,ajl
中心凹,ajm
下的,ajn
直径约,ajo
1,ajp
/,ajq
3PD,ajr
典型性,ajs
CNVos,ajt
弧形,aju
灶,ajv
点,ajw
线状,ajx
漆样,ajy
裂纹,ajz
性,aka
CNV,akb
病理,akc
近视,akd
病变,ake
紊乱,akf
中后期,akg
线条状,akh
漆,aki
后,akj
极至,akk
密集,akl
高度近视,akm
隐匿性,akn
广泛性,ako
沉积物,akp
近中,akq
周,akr
为主,aks
残留,akt
光凝,aku
术后,akv
开始,akw
于,akx
微血管,aky
时间延长,akz
渐有,ala
糖尿病,alb
斑点状,alc
簇状,ald
减弱,ale
末梢,alf
局灶,alg
前,alh
积血,ali
第三,alj
漂浮,alk
玻璃体腔,all
其,alm
融合的,aln
陈旧,alo
激光,alp
全程,alq
偏下,alr
端的,als
静脉扩张,alt
其属区,alu
火焰状,alv
出血,alw
明显的,alx
多处,aly
轻,alz
半,ama
局限性,amb
可,amc
透见,amd
血管网,ame
中晚期,amf
不明显,amg
PCVod,amh
视网膜色素,ami
上皮,amj
组织,amk
各期,aml
4,amm
2PD,amn
稍弱,amo
弧,amp
数,amq
OCT,amr
检查,ams
走,amt
行弯曲,amu
视网膜中央静脉,amv
阻塞,amw
膜形成,amx
管径,amy
粗细,amz
不均,ana
上支,anb
所属,anc
鼻侧视网膜,and
血管闭塞,ane
行径,anf
结构破坏,ang
BRVO,anh
显影,ani
强,anj
扭曲,ank
先天,anl
侧近,anm
小灶,ann
数个,ano
针尖,anp
样高,anq
融合,anr
湖状,ans
弱,ant
神经上皮,anu
VKH,anv
环形,anw
屈光间,anx
质不清,any
前膜,anz
间杂,aoa
条状,aob
性弱,aoc
4PD,aod
类,aoe
圆形,aof
出血性,aog
约,aoh
2,aoi
处,aoj
显著,aok
上分支,aol
近端,aom
数处,aon
<,aoo
1PD,aop
状无,aoq
BRVOod,aor
中于,aos
阻挡,aot
位置,aou
不恒定,aov
未见异常,aow
质,aox
混浊,aoy
血管膜,aoz
视网膜水肿,apa
斑点,apb
结构变形,apc
原因,apd
待查,ape
在,apf
测试,apg
息肉状,aph
灶伴,api
圆形的,apj
小片,apk
玻璃,apl
PCVos,apm
近,apn
血管芽,apo
周为,app
PDRos,apq
其内,apr
可透见,aps
轻微,apt
中间,apu
葡萄膜炎,apv
局灶性,apw
萎缩灶,apx
及其,apy
上缘,apz
增强,aqa
CSCod,aqb
网点,aqc
杯盘,aqd
比,aqe
充盈缺损,aqf
充盈,aqg
纤细,aqh
部为,aqi
椒盐,aqj
样,aqk
团,aql
絮状混浊,aqm
端斑状,aqn
走形,aqo
上半,aqp
变小,aqq
ICGAos,aqr
包括,aqs
网状,aqt
变形,aqu
数团,aqv
PDR,aqw
多灶性,aqx
条带状,aqy
渐,aqz
出现,ara
增多,arb
活动性,arc
PCV,ard
区内,are
甚伴,arf
侧支循环,arg
部斑状,arh
半侧,ari
RVOos,arj
青光眼,ark
少量,arl
期渐,arm
花瓣样,arn
Behcet,aro
病,arp
相对性,arq
上半视网膜,arr
即见,ars
沙漏,art
下强,aru
内部,arv
上端,arw
显露,arx
脉络膜炎,ary
平直,arz
近视眼,asa
底,asb
增生,asc
其中,asd
处见,ase
团状,asf
迅速,asg
素,ash
模糊,asi
可辨,asj
Coats,ask
外,asl
CNVod,asm
隐约,asn
轻微的,aso
ICNVod,asp
块状,asq
后极,asr
远端,ass
下缘,ast
侧缘,asu
破坏,asv
周灶性,asw
所在,asx
中度,asy
增殖期,asz
状高,ata
急性,atb
坏死,atc
恢复期,atd
渐见,ate
*,atf
5PD,atg
范围,ath
强弱,ati
瘢痕,atj
残存,atk
交叉压迫,atl
现象,atm
交通支,atn
引流,ato
区见,atp
大,atq
部低,atr
区较,ats
一小,att
部多,atu
吲哚,atv
青绿,atw
ICG,atx
中期,aty
一直,atz
持续,aua
到,aub
息肉,auc
脱离区,aud
及微,aue
部见,auf
斑渐,aug
毛细血管通透性,auh
见到,aui
部可,auj
有所,auk
余,aul
及条,aum
索状,aun
不变,auo
花瓣,aup
变化,auq
见数,aur
团样,aus
不清楚,aut
弯曲,auu
无血管区,auv
壁有,auw
吲哚菁绿,aux
处渐,auy
荧光增强,auz
处小,ava
可疑,avb
普遍,avc
血管炎,avd
外至,ave
骨细胞,avf
原发性视网膜色素变性,avg
数斑,avh
符合,avi
下半部,avj
看不清,avk
炎,avl
AMD,avm
dry,avn
期间,avo
其间,avp
夹杂,avq
性强,avr
诊断,avs
CME,avt
疣样,avu
PED,avv
疣性,avw
远中,avx
周斑,avy
状点,avz
簇样,awa
聚焦,awb
不良,awc
爬行,awd
其上,awe
瘤样,awf
内在,awg
MRI,awh
超声,awi
不规则的,awj
血管性,awk
周局,awl
鼻下象限,awm
极,awn
絮状,awo
纵向的,awp
条形,awq
静止,awr
ICGAod,aws
样强,awt
湖样,awu
清,awv
浆液性,aww
诊,awx
专科,awy
带状,awz
状透见,axa
与,axb
荧光强度,axc
更强,axd
局灶类,axe
A,axf
-,axg
RCT,axh
=,axi
18.34,axj
s,axk
尚,axl
伴轻,axm
棉绒,axn
高血压性视网膜病变,axo
旁,axp
小团,axq
数小颗,axr
斑状强,axs
消退,axt
BVN,axu
注意,axv
随访,axw
双眼,axx
缺,axy
朦胧,axz
绕以,aya
对称性,ayb
ou,ayc
一,ayd
直径,aye
其近,ayf
缘,ayg
缺乏,ayh
状强,ayi
区域性,ayj
局部异常,ayk
吻合,ayl
累及,aym
陈旧的,ayn
视网膜黄斑,ayo
小分支,ayp
发散,ayq
三个,ayr
欠,ays
均匀,ayt
综合征,ayu
屈光介质,ayv
中至,ayw
膨大,ayx
并,ayy
向,ayz
下长入,aza
血管吻合,azb
渗出,azc
灶渐,azd
冲刷,aze
围绕,azf
丛状,azg
散在的,azh
PDRod,azi
及其下,azj
缘斑,azk
环,azl
本身,azm
单纯性,azn
进一步,azo
明确,azp
情况,azq
及局,azr
清晰,azs
萎缩性,azt
回流,azu
周及,azv
周边的,azw
欠清,azx
CRVOod,azy
部灶性,azz
黄斑中心凹,baa
下斜,bab
行,bac
哑铃,bad
上和,bae
圆斑状,baf
视网膜变性,bag
不规则,bah
7,bai
非典型,baj
外观,bak
呈强,bal
尚清,bam
CMEos,ban
偏小,bao
隆起,bap
前及,baq
视神经视网膜炎,bar
疣样的,bas
外周,bat
NPDR,bau
黄白色,bav
网,baw
弥漫的,bax
亦,bay
可以,baz
DRou,bba
血管充盈,bbb
基本,bbc
云雾,bbd
孔源性,bbe
略,bbf
多局,bbg
斑状弱,bbh
从,bbi
鼻下的,bbj
清晰的,bbk
小圆点,bbl
状低,bbm
先天性,bbn
黄斑缺损,bbo
脱色素,bbp
多片状,bbq
视网膜点,bbr
出血点,bbs
弥漫,bbt
16s,bbu
吻合支,bbv
连其,bbw
出,bbx
所致,bby
弥散性,bbz
多灶,bca
整个,bcb
黄斑部,bcc
缺血性,bcd
视神经,bce
其下,bcf
巩膜,bcg
仍强,bch
伴近,bci
多发性,bcj
微动脉瘤,bck
性高,bcl
内见,bcm
稀疏,bcn
DME,bco
补充光,bcp
凝,bcq
簇状强,bcr
均,bcs
ICGICG,bct
硬性,bcu
渗出性,bcv
OS,bcw
全,bcx
少许,bcy
苔藓,bcz
见于,bda
斑样,bdb
"""",bdc
双轨,bdd
征,bde
稍强,bdf
杯,bdg
一点,bdh
墨渍,bdi
蛇行,bdj
受累,bdk
星状,bdl
延迟,bdm
仅,bdn
属支,bdo
伴其属,bdp
浅层,bdq
混浊性,bdr
聚集,bds
伴有,bdt
见类,bdu
三角形,bdv
条,bdw
索性,bdx
前条,bdy
纤维膜,bdz
性低,bea
牵拉,beb
见成,bec
斑外,bed
羽毛状,bee
有髓神经纤维,bef
见点,beg
圆点,beh
缘见,bei
PEDos,bej
破碎,bek
状弱,bel
延长部分,bem
仍弱,ben
伴其下,beo
方舟,bep
下弱,beq
伴弱,ber
线状萎缩,bes
无渗漏,bet
见局,beu
特别是,bev
周除,bew
区域边界,bex
不,bey
伴局,bez
带状排列,bfa
RPos,bfb
富,bfc
占位,bfd
绕,bfe
孤立,bff
脉络膜血管瘤,bfg
玻璃体出血,bfh
斑驳的,bfi
拱,bfj
环缩小,bfk
周点,bfl
部局,bfm
周部,bfn
伴其,bfo
周弧,bfp
窄,bfq
延长,bfr
襻,bfs
黄色斑点,bft
症,bfu
彩照,bfv
其鼻,bfw
大范围,bfx
不明,bfy
来源,bfz
皮质,bga
可能性,bgb
周小,bgc
锯齿缘,bgd
后方,bge
半球状,bgf
一支,bgg
正常的,bgh
滋养,bgi
均质,bgj
清楚,bgk
方向,bgl
拖曳,bgm
伸直,bgn
不清的,bgo
伴小,bgp
FEVRod,bgq
小簇,bgr
泡状,bgs
除外,bgt
晶体,bgu
周小簇,bgv
Eales,bgw
睫状体,bgx
平坦,bgy
部的,bgz
高度,bha
隆起的,bhb
双循环,bhc
啊,bhd
脉络膜黑色素瘤,bhe
小圆,bhf
伴点,bhg
颞测,bhh
两个,bhi
大少,bhj
不一,bhk
相连,bhl
半球,bhm
丰富,bhn
色素沉着,bho
肿瘤,bhp
会诊,bhq
平滑肌瘤,bhr
伴属,bhs
属区,bht
局限性水肿,bhu
影响,bhv
成像质量,bhw
焦点,bhx
呈弱,bhy
一类,bhz
相对,bia
荧光素染料,bib
葡萄串,bic
附近,bid
炎性,bie
一团,bif
偏弱,big
周小团,bih
RPod,bii
致密,bij
排除,bik
全身感染,bil
因素,bim
周斑状,bin
斑较,bio
斑块,bip
隐见,biq
影,bir
IRMAos,bis
偏鼻上,bit
确切,biu
慢性,biv
CSCos,biw
未,bix
半月形,biy
放射状,biz
成,bja
凹陷,bjb
增大,bjc
提示,bjd
可能,bje
不在,bjf
同一,bjg
平面,bjh
着色,bji
盘周,bjj
异位,bjk
继发性,bjl
移位,bjm
IGA,bjn
结节,bjo
见弱,bjp
环绕,bjq
稍直,bjr
黄斑裂孔,bjs
劈裂,bjt
等,bju
串珠,bjv
尤,bjw
以下,bjx
方及,bjy
著,bjz
蛇形,bka
各种,bkb
DMEos,bkc
余未见,bkd
DRos,bke
囊,bkf
带样,bkg
湿性,bkh
老年,bki
黄斑变性,bkj
右,bkk
眼脉络膜,bkl
缺损,bkm
一下,bkn
全过程,bko
前锋,bkp
其属,bkq
大小不等,bkr
小点,bks
略大于,bkt
成簇,bku
照相,bkv
图片,bkw
两,bkx
一片,bky
或,bkz
浆的,bla
良好,blb
全周,blc
颗粒状,bld
斑性,ble
激光治疗,blf
随后,blg
原田,blh
荧光点,bli
OD,blj
视杯,blk
RP,bll
孤立的,blm
痣,bln
处及,blo
治疗,blp
下端,blq
端,blr
灶处,bls
以,blt
缓慢,blu
前移,blv
部及,blw
主干,blx
较大,bly
FAZ,blz
两处,bma
成片的,bmb
融合成,bmc
带状的,bmd
结晶,bme
条纹状,bmf
细胞内,bmg
旁及,bmh
始终,bmi
沿,bmj
荧,bmk
颞尚,bml
脉络膜视网膜萎缩,bmm
病理性,bmn
形,bmo
但,bmp
其他,bmq
部位,bmr
5,bms
周成,bmt
多点,bmu
和局,bmv
动脉硬化,bmw
中线,bmx
轮廓,bmy
短线,bmz
减退,bna
弥散,bnb
部斑,bnc
色素斑点,bnd
沉着,bne
斜入,bnf
后巩膜葡萄肿,bng
倒三角形,bnh
透见性,bni
毛刷,bnj
稀疏的,bnk
区及,bnl
下支,bnm
侧盘,bnn
相应,bno
周约,bnp
消失,bnq
瞳孔区,bnr
侧局,bns
处局,bnt
颞下点,bnu
静脉的,bnv
沙硕样,bnw
晶状体混浊,bnx
成像,bny
局部隆起,bnz
部分融合,boa
迁移,bob
蘑菇状,boc
表现,bod
中心的,boe
扩张部分,bof
影子,bog
两片,boh
性质,boi
呈环形,boj
排列的,bok
单个,bol
较大的,bom
Fuchs,bon
旁有,boo
髓鞘,bop
神经纤维,boq
仍,bor
保持,bos
形态发育,bot
互相,bou
DMEod,bov
AIONos,bow
隐约可见,box
片,boy
高强,boz
见条,bpa
偏低,bpb
因故,bpc
刚,bpd
交叉处,bpe
逐渐增强,bpf
小条,bpg
化,bph
程度,bpi
不同的,bpj
前期,bpk
小支,bpl
睫状,bpm
中央动脉,bpn
并且,bpo
较少,bpp
除鼻上,bpq
睫状视网膜动脉,bpr
视网膜中央动脉,bps
再通,bpt
一根,bpu
通过,bpv
炊烟,bpw
×,bpx
微弱,bpy
晕,bpz
脂质,bqa
部类,bqb
仍见,bqc
方,bqd
IRMAod,bqe
偏鼻,bqf
团块,bqg
中小,bqh
墨迹,bqi
弥散点,bqj
簇透见,bqk
BVNod,bql
变细,bqm
V,bqn
微低,bqo
17s,bqp
侧枝循环,bqq
镰状,bqr
增殖性,bqs
伴斑,bqt
盘状,bqu
稀少,bqv
早,bqw
斑见,bqx
岛样,bqy
出血灶,bqz
遮挡,bra
灰白色,brb
换班,brc
及点,brd
Dalen,bre
时间延迟,brf
高低,brg
视,brh
乳头,bri
较弱,brj
及数,brk
见斑,brl
之弱,brm
大团,brn
均匀染料,bro
10,brp
浅,brq
带,brr
皱襞,brs
位于,brt
侧视,bru
盘强,brv
及斑,brw
小线,brx
下边缘,bry
弧线,brz
缺失,bsa
wet,bsb
图像,bsc
细节,bsd
可见的,bse
所见,bsf
样低,bsg
放射,bsh
皱褶,bsi
VKHos,bsj
云,bsk
生理,bsl
暗斑,bsm
患儿,bsn
合作,bso
故,bsp
时期,bsq
无法,bsr
采集,bss
窥不清,bst
灶及,bsu
样透见,bsv
卵圆形,bsw
缺血,bsx
程度较,bsy
树枝状,bsz
清晰可见,bta
C,btb
D,btc
中心局,btd
条索样,bte
怒张,btf
II,btg
对焦,bth
层间,bti
部小,btj
所,btk
辖,btl
完整,btm
半略,btn
加深,bto
扇形,btp
形状,btq
FEVR,btr
一高,bts
余中,btt
存在,btu
旁渐,btv
片状组织,btw
大部分,btx
月牙,bty
浆液,btz
血液,bua
后葡萄肿,bub
尚可,buc
内出血,bud
视网膜脉络膜炎,bue
闭塞性,buf
继发性视网膜脱离,bug
旁小,buh
维持,bui
CRAO,buj
下至,buk
区局,bul
请注意,bum
病史,bun
外伤,buo
发作期,bup
中断,buq
动脉瘤,bur
竖,bus
椭圆形,but
数条,buu
RAPod,buv
终末,buw
逐渐,bux
晕染,buy
缩窄,buz
局灶成,bva
前见,bvb
环状,bvc
不太,bvd
部一,bve
Weiss,bvf
色素痣,bvg
伴壁染,bvh
不完全,bvi
合并,bvj
睫网,bvk
自发,bvl
可见一斑,bvm
内局,bvn
星空,bvo
影像,bvp
NPDRos,bvq
灶样,bvr
条带,bvs
几个,bvt
},bvu
盘缘,bvv
分辨,bvw
矢状,bvx
两点,bvy
成片,bvz
光凝斑,bwa
弧状弱,bwb
及远,bwc
尤为,bwd
伴高,bwe
新个生,bwf
不均匀,bwg
中段,bwh
部一灶性,bwi
或者,bwj
斑状出血,bwk
上类,bwl
灶缘,bwm
花冠,bwn
视神经萎缩,bwo
团簇状,bwp
对称的,bwq
缘至,bwr
毛糙的,bws
视网膜锥,bwt
杆,bwu
细胞,bwv
营养不良,bww
良性,bwx
三处,bwy
扇贝,bwz
中下,bxa
样条,bxb
失去,bxc
均质的,bxd
湮灭,bxe
Stargardt,bxf
象散,bxg
成斑,bxh
周三,bxi
小于,bxj
左侧,bxk
眼球震颤,bxl
中鼻上,bxm
不同,bxn
最,bxo
可疑的,bxp
两小,bxq
更,bxr
两强,bxs
两小团,bxt
典型,bxu
小团强,bxv
多多,bxw
不规则性,bxx
小动脉,bxy
小动脉瘤,bxz
处有,bya
簇瘤样,byb
RRA,byc
肥大,byd
脉络,bye
膜通透性,byf
中见,byg
弧形的,byh
显著的,byi
拟诊,byj
抗,byk
VEGF,byl
斑状点,bym
下方的,byn
少量的,byo
CRVOos,byp
窥见,byq
前舟,byr
斑和点,bys
OCTos,byt
PEDod,byu
圆,byv
簇状弱,byw
特点,byx
及大,byy
状微,byz
灶内,bza
环形的,bzb
勾勒,bzc
出约,bzd
显,bze
内未见,bzf
渐显,bzg
患者,bzh
造影检查,bzi
18.28,bzj
增强的,bzk
局灶弱,bzl
支,bzm
基底部,bzn
环状纤维,bzo
呈类,bzp
伴血管,bzq
小类,bzr
不伴,bzs
青排,bzt
左,bzu
点状的,bzv
水肿形成,bzw
末端分支,bzx
待排,bzy
看,bzz
循环时间,caa
界限,cab
染色的,cac
斑低,cad
中心点,cae
一囊,caf
袋样,cag
玻璃体膜,cah
期内,cai
网膜,caj
及及,cak
垂直的,cal
梭型,cam
弧透见,can
相连的,cao
PM,cap
分布的,caq
..,car
弧低,cas
0.8,cat
渗,cau
毛细,cav
CSC,caw
毛细血管瘤,cax
各个,cay
临近,caz
CMEod,cba
膜性,cbb
骨样,cbc
色素细胞,cbd
广泛分布,cbe
体积,cbf
血性,cbg
不佳,cbh
硅油,cbi
反光,cbj
周大,cbk
分布,cbl
各级,cbm
毛,cbn
干性,cbo
检查报告,cbp
两团,cbq
发育异常,cbr
稍低,cbs
视野检查,cbt
下半,cbu
上皮组织,cbv
类圆,cbw
见高低,cbx
呈现,cby
乳头水肿,cbz
不完整,cca
见片,ccb
检测,ccc
拍摄,ccd
周见,cce
迁延型,ccf
荧光性,ccg
界清,cch
视网膜色素变性,cci
亚型,ccj
视网,cck
瘢痕组织,ccl
均一,ccm
上周,ccn
部部局,cco
局多,ccp
新月形,ccq
内侧缘,ccr
各项,ccs
限,cct
稳定,ccu
状及,ccv
见略,ccw
外缘,ccx
马蹄形,ccy
连,ccz
一横,cda
字形,cdb
上极,cdc
高血压,cdd
受,cde
见多局,cdf
一局,cdg
囊袋样,cdh
尖端,cdi
朝向,cdj
血管丰富的,cdk
瘤体,cdl
瘤,cdm
体高,cdn
三角形的,cdo
颞下经,cdp
线状排列,cdq
大面积,cdr
形态异常,cds
4RVOos,cdt
细小的,cdu
三支,cdv
倾向,cdw
旁弱,cdx
长,cdy
竖条,cdz
形强,cea
坏,ceb
稍微,cec
内小,ced
结构完整,cee
中间部,cef
其周,ceg
轻轻,ceh
度,cei
中重度,cej
小囊,cek
乳斑,cel
束,cem
荧光的,cen
交界处,ceo
条强,cep
间,ceq
不能,cer
原发性,ces
部高,cet
PRE,ceu
内有,cev
血管分布,cew
因,cex
辨别,cey
瞳孔,cez
量,cfa
DRI,cfb
一条,cfc
在上,cfd
另,cfe
走入,cff
B超,cfg
后级部,cfh
水平,cfi
分界线,cfj
部稍,cfk
缘小,cfl
不定,cfm
灶的,cfn
确切的,cfo
呈瘤样,cfp
线装,cfq
余中周,cfr
大小不一,cfs
缘处,cft
大于,cfu
FAG,cfv
簇新,cfw
生,cfx
蜂窝状,cfy
严重,cfz
PRP,cga
具有,cgb
所示,cgc
一致的,cgd
螺旋状,cge
牛眼,cgf
进展期,cgg
蝶形,cgh
中央,cgi
牵牛花,cgj
新成,cgk
外余,cgl
血管壁,cgm
牵引,cgn
染灶,cgo
呈节,cgp
段,cgq
区的,cgr
格子,cgs
黑外,cgt
亮的,cgu
晕状,cgv
小叶,cgw
明显增加,cgx
F,cgy
周小段,cgz
弥散的,cha
规则的,chb
转呈,chc
曲折,chd
所在区域,che
无症状,chf
缘小簇,chg
PDRou,chh
眼,chi
软性,chj
方圆,chk
路,chl
皮萎缩,chm
填充,chn
宽度,cho
两小簇,chp
眼位,chq
上局,chr
CRAOod,chs
RVO,cht
微动脉,chu
粟粒状,chv
位置不变,chw
片样,chx
占位性,chy
黑瘤,chz
闭锁,cia
浓厚,cib
深层,cic
部未见,cid
扩张的,cie
强荧,cif
星芒状,cig
为重,cih
左炎,cii
家渗,cij
结果,cik
葡萄膜,cil
黄,cim
VH,cin
中心性,cio
脉络膜视网膜病,cip
变,ciq
相当于,cir
倍,cis
结构异常,cit
个,ciu
窗样,civ
形及,ciw
染伴,cix
FEVER,ciy
液平,ciz
小段,cja
不随,cjb
点样,cjc
性富,cjd
周略,cje
其所辖,cjf
湿,cjg
性型,cjh
同心圆,cji
PR,cjj
线,cjk
不足,cjl
梭形,cjm
消,cjn
褪,cjo
部灶,cjp
U,cjq
提前,cjr
终止,cjs
余下,cjt
状漆样,cju
伴其上,cjv
各见,cjw
13s,cjx
活动期,cjy
性前,cjz
下远,cka
上边界,ckb
炎症,ckc
二,ckd
三级,cke
5P,ckf
D盘,ckg
成分,ckh
渔网,cki
部见局,ckj
畸形,ckk
花蕊,ckl
扩展,ckm
外围,ckn
荧光带,cko
视神经炎,ckp
横向,ckq
细,ckr
细条纹,cks
即,ckt
6PD,cku
光凝后,ckv
索样,ckw
以后,ckx
一过性,cky
白点,ckz
嵴,cla
血光,clb
较直,clc
窥清,cld
伴较,cle
示,clf
可见区域,clg
对应,clh
弧高,cli
变为,clj
一地,clk
图样,cll
静脉炎,clm
动脉血,cln
管,clo
淋巴瘤,clp
内科,clq
蘑菇,clr
荧光染料,cls
小弧,clt
小孩,clu
配合,clv
欠佳,clw
边缘模糊,clx
有微,cly
也,clz
斑及,cma
模糊的,cmb
伴灶性,cmc
水平线,cmd
动静,cme
侧静脉,cmf
AIONod,cmg
模糊不清,cmh
大丛,cmi
内及,cmj
增殖性视网膜病,cmk
更为,cml
区于,cmm
尚未,cmn
鼻上点,cmo
11,cmp
秒,cmq
节段,cmr
前点,cms
似有,cmt
囊肿,cmu
外侧缘,cmv
0.7,cmw
退行,cmx
颞下局,cmy
1P,cmz
Y,cna
明细,cnb
更加,cnc
竖行,cnd
附件,cne
公安,cnf
集合,cng
迟滞,cnh
血管节,cni
僵硬,cnj
水渍,cnk
ERG,cnl
打,cnm
了,cnn
处见点,cno
延至,cnp
狭窄,cnq
现状,cnr
2s,cns
斑片样,cnt
应,cnu
数小,cnv
不排除,cnw
NPDRod,cnx
盘高,cny
囊带,cnz
阶段性,coa
见团,cob
25s,coc
弥漫性萎缩,cod
不典型,coe
完善,cof
电,cog
相关检查,coh
放射性,coi
损坏,coj
我,cok
塞,col
上半部,com
随诊,con
变直,coo
弓蛔虫病,cop
火焰,coq
臂,cor
16,cos
血管丛,cot
在后,cou
就,cov
旁漆,cow
点对应,cox
球状,coy
上次,coz
比较,cpa
下部,cpb
无伴,cpc
尤重,cpd
部处,cpe
脉络膜缺损,cpf
AION,cpg
强度,cph
弓,cpi
旁局,cpj
眼底检查,cpk
不配合,cpl
团簇,cpm
壁染伴,cpn
中央区,cpo
类型,cpp
分别,cpq
伴条,cpr
纹样,cps
积聚,cpt
腊肠,cpu
壁,cpv
Os,cpw
尤其,cpx
区未见,cpy
PIC,cpz
样样,cqa
弧性,cqb
眼球下转,cqc
变行,cqd
该处,cqe
疤痕,cqf
沟通,cqg
显弱,cqh
旁约,cqi
扩航,cqj
部小段,cqk
此外,cql
靠近,cqm
走出,cqn
31s,cqo
OCTod,cqp
轻度的,cqq
不等,cqr
与其,cqs
关注,cqt
较多斑,cqu
数颗,cqv
RPER,cqw
周较,cqx
下发,cqy
那个,cqz
内侧,cra
弥漫性的,crb
内类,crc
半为,crd
多的,cre
血案,crf
密集的,crg
处斑状,crh
减少,cri
最为,crj
显示,crk
视网膜内层,crl
变薄,crm
层,crn
低中,cro
反射信号,crp
全身性,crq
成串的,crr
短暂性,crs
外较,crt
可见水平,cru
多团,crv
粟粒样,crw
成人,crx
虫,cry
噬,crz
有斑,csa
ARNos,csb
17.34,csc
CRAOos,csd
期中,cse
毛细管扩张,csf
囊状,csg
散,csh
在线,csi
瘢痕期,csj
感染,csk
免疫,csl
发明,csm
暗条纹,csn
部较,cso
枪型,csp
总干样,csq
多条,csr
周多,css
横,cst
全程无,csu
机化,csv
连续,csw
三角形排列,csx
细小,csy
层间水,csz
肿,cta
渗出物,ctb
下局,ctc
排空,ctd
中仅,cte
炎后,ctf
脉络膜脱离,ctg
或小簇,cth
视野,cti
多焦,ctj
从盘,ctk
沿处,ctl
象限的,ctm
积液,ctn
查,cto
血糖,ctp
支及,ctq
此,ctr
捏,cts
余窥不清,ctt
中未见,ctu
黑斑,ctv
脉络膜肿瘤,ctw
转移,ctx
Ca,cty
区渐,ctz
一约,cua
中部,cub
灶微,cuc
伴小簇,cud
大量的,cue
条纹,cuf
伴斑状,cug
毛血,cuh
ERGou,cui
MEWDSod,cuj
三点,cuk
ARBod,cul
椭圆形的,cum
伴成,cun
形弱,cuo
发条,cup
油水界面,cuq
0s,cur
性透见,cus
类环,cut
球形,cuu
粗大的,cuv
交感性眼炎,cuw
期间中,cux
伴行静脉,cuy
血常规检查,cuz
片状玻璃,cva
囊袋,cvb
旁见,cvc
及近,cvd
静脉管,cve
半身,cvf
质欠,cvg
8s,cvh
方为,cvi
盘端,cvj
橘皮,cvk
短,cvl
外见,cvm
该,cvn
弧样,cvo
见微,cvp
稍细,cvq
伴节,cvr
中央部分,cvs
染区,cvt
向前,cvu
延伸,cvv
血管束,cvw
色素性,cvx
盘沿,cvy
较为,cvz
直角,cwa
深入,cwb
截止,cwc
靠前,cwd
存,cwe
一致,cwf
阻滞,cwg
2mm,cwh
看不到,cwi
部窥不清,cwj
飘动,cwk
损管,cwl
23,cwm
暴露,cwn
部欠,cwo
那,cwp
下及,cwq
下低,cwr
以弱,cws
较多弱,cwt
后部,cwu
恢复,cwv
顶端,cww
图像质量,cwx
屈光不正,cwy
FF,cwz
周期,cxa
血管的,cxb
Coat,cxc
',cxd
一处,cxe
经脉,cxf
多片,cxg
家族性,cxh
渗出性视网膜病,cxi
于造,cxj
静渐,cxk
盘处,cxl
白内障,cxm
微动,cxn
以鼻下,cxo
疣的,cxp
斑斑,cxq
缺如,cxr
识破,cxs
毛细血管扩张病,cxt
撕裂,cxu
星,cxv
有晕状,cxw
骨瘤,cxx
继发,cxy
既往,cxz
外侧段,cya
象限点,cyb
之,cyc
典型成分,cyd
下极,cye
尤以,cyf
分之,cyg
格栅,cyh
+,cyi
灶强,cyj
晚呈点,cyk
8PD,cyl
血管层,cym
细细,cyn
粗短,cyo
比例,cyp
期即,cyq
盘,cyr
两端,cys
网格,cyt
状漆,cyu
斜,cyv
上岗,cyw
四个,cyx
手术,cyy
染色性,cyz
炎症性,cza
OU,czb
散不开,czc
IOL,czd
见瘤样,cze
上缘纤维,czf
形高,czg
呈片,czh
导致,czi
性的,czj
弱高,czk
AMDod,czl
暗带,czm
临床诊断,czn
稳定期,czo
有眼,czp
上见,czq
舟状,czr
新发,czs
特发性,czt
疑似,czu
14s,czv
水肿的,czw
19s,czx
蚯蚓,czy
被,czz
伴其旁,daa
肾,dab
后缘,dac
圆性,dad
点及,dae
点高,daf
颗粒,dag
内小簇,dah
有着,dai
中州,daj
灶舟,dak
进,dal
四处,dam
分水岭,dan
经过,dao
循环,dap
直行,daq
临床分析,dar
MEWDS,das
弧强,dat
沿原,dau
窥,dav
不见,daw
获取,dax
处斑,day
点强,daz
圆弧形,dba
typeI,dbb
网上,dbc
缘为,dbd
纤维组织,dbe
旁未,dbf
绒球,dbg
几处,dbh
神经,dbi
眼科,dbj
多道,dbk
平行的,dbl
呈环,dbm
带状分布,dbn
动脉的,dbo
行至,dbp
楔形,dbq
周条,dbr
0.5,dbs
甚清,dbt
泡状隆起,dbu
X,dbv
连锁,dbw
遗传性,dbx
有点,dby
结构显示,dbz
ICg,dca
部环,dcb
中渐,dcc
物,dcd
视网膜缺血,dce
形的,dcf
PICod,dcg
ICNVos,dch
视网膜血管瘤病,dci
三面,dcj
镜检查,dck
偏鼻下,dcl
9s,dcm
完成,dcn
小坑,dco
不合作,dcp
铺路石,dcq
较多微,dcr
匍行性,dcs
脉络膜视网膜炎,dct
多簇,dcu
部点,dcv
全部,dcw
一瘤样,dcx
旁瘤样,dcy
侧端,dcz
有局,dda
形斑,ddb
肾形,ddc
切迹,ddd
osd,dde
锥,ddf
暗区,ddg
壁渐,ddh
内较,ddi
RCA,ddj
感染性,ddk
leukemia,ddl
向后的,ddm
突入,ddn
部仅,ddo
管较,ddp
I,ddq
ROPod,ddr
原,dds
邻近,ddt
验光,ddu
发现,ddv
似为,ddw
osRPE,ddx
Leber,ddy
荧灶,ddz
浆,dea
向上,deb
椭圆性,dec
性异常,ded
地,dee
OCTAod,def
中心部分,deg
局灶点,deh
规整,dei
黄斑病,dej
上元,dek
花边,del
外部,dem
再,den
渐消,deo
渐见数,dep
全身检查,deq
之间,der
伴睫状,des
部至,det
若,deu
浓厚的,dev
积,dew
半球形,dex
血肿,dey
网脱,dez
大肖,dfa
逐渐消失,dfb
环形纤维,dfc
灶见,dfd
屈膝,dfe
眼压,dff
斑伴,dfg
梁小,dfh
6PDRPE,dfi
下距,dfj
PD,dfk
达,dfl
花环,dfm
前云,dfn
早期出现,dfo
末期,dfp
吻合的,dfq
对,dfr
ICNV,dfs
葡萄,dft
互留,dfu
段样,dfv
呈团,dfw
外侧,dfx
辨认,dfy
判读,dfz
垂直,dga
螺旋,dgb
不均匀的,dgc
上部,dgd
BNV,dge
脉,dgf
0.9,dgg
CSCR,dgh
簇强,dgi
纤维条,dgj
索,dgk
收缩,dgl
见豹,dgm
豹斑,dgn
束见,dgo
前弱,dgp
团装,dgq
未成熟,dgr
儿,dgs
半圆形,dgt
边沿,dgu
增粗,dgv
难以辨认,dgw
有强,dgx
反应,dgy
偏轻,dgz
一个,dha
缠绕,dhb
相邻,dhc
内灶性,dhd
舌形,dhe
老年性,dhf
似乎,dhg
小的,dhh
无血供,dhi
高样,dhj
NDPR,dhk
回流受阻,dhl
ME,dhm
撕脱,dhn
外层,dho
占位病变,dhp
体内,dhq
血流,dhr
信号,dhs
转移癌,dht
见光,dhu
凝斑性,dhv
明确诊断,dhw
膜样,dhx
弥漫着,dhy
缘见局,dhz
簇状微,dia
内偏,dib
葡萄肿,dic
弧状,did
coat,die
杂色,dif
组,dig
增值,dih
多支,dii
锐角,dij
进入,dik
MACTel,dil
潴留,dim
CVAO,din
影样,dio
以鼻,dip
12,diq
不全,dir
残端,dis
略强,dit
斑状萎缩,diu
高于,div
往前,diw
周强,dix
部无,diy
夹,diz
扩张性,dja
数道,djb
下半小,djc
状状,djd
斑状玻璃,dje
多量,djf
各未见,djg
状物,djh
遇,dji
各支,djj
期见,djk
膨大的,djl
湖形,djm
样斑,djn
之透见,djo
鼻塞,djp
回旋,djq
长条形,djr
质量,djs
染色斑点,djt
肉芽肿,dju
伴瘤样,djv
个别,djw
间质,djx
荧光色素,djy
较小,djz
各有,dka
疑为,dkb
痕,dkc
囊腔样,dkd
断流,dke
脉络膜毛细血管层,dkf
部疑,dkg
两侧,dkh
浅淡,dki
瘢痕形成,dkj
超过,dkk
10PD,dkl
变型,dkm
脱透见,dkn
双侧,dko
颈动脉,dkp
超声检查,dkq
之前,dkr
已,dks
内的,dkt
较多局,dku
渐部,dkv
出一,dkw
下面,dkx
相关,dky
月牙形,dkz
长条状,dla
长短不一,dlb
破裂带,dlc
及漆,dld
萎,dle
进中,dlf
进中周,dlg
长方形,dlh
红外光,dli
颞下区,dlj
中高,dlk
舌状,dll
活动,dlm
表面不规则,dln
相隔,dlo
小舟,dlp
又,dlq
周围神经,dlr
晕环,dls
分布区,dlt
接近,dlu
弧略,dlv
处沿,dlw
岛状,dlx
二级,dly
下半中,dlz
部随,dma
外的,dmb
是,dmc
盘前,dmd
爬,dme
蕨类植物,dmf
伸至,dmg
周线,dmh
偏直,dmi
颅内高压,dmj
急进,dmk
更清晰,dml
正下方,dmm
灶状,dmn
部分陈旧,dmo
34,dmp
19.14,dmq
24,dmr
26.17,dms
凹面,dmt
本页,dmu
主要,dmv
内渐,dmw
星形的,dmx
视网膜的,dmy
数目,dmz
脱,dna
DEM,dnb
指状,dnc
肿物,dnd
靴状,dne
可见范围,dnf
处点,dng
小岛,dnh
及余,dni
下半及,dnj
环弱,dnk
下类,dnl
近段,dnm
带及,dnn
环绕的,dno
商贩,dnp
RVOod,dnq
侧线,dnr
呈囊,dns
萎缩斑,dnt
斑片,dnu
灶类,dnv
周高,dnw
及弥性,dnx
周无,dny
布满,dnz
11S,doa
>,dob
及时,doc
向周围,dod
散射条纹,doe
炎性浸润,dof
其远,dog
有无,doh
期于,doi
增粗伴,doj
通透,dok
灶低,dol
部分活动,dom
余所,don
未见星,doo
瘤状,dop
其弱,doq
伪足,dor
30,dos
增殖区,dot
Stickler,dou
syndrome,dov
一灶性,dow
伴透见,dox
大中,doy
英光,doz
视网膜炎,dpa
圆环,dpb
鼻下点,dpc
狭长,dpd
0.6,dpe
CT,dpf
破裂,dpg
致密的,dph
周五,dpi
处小簇,dpj
及团,dpk
眼轴,dpl
测量,dpm
三字,dpn
内层,dpo
区间,dpp
棒状,dpq
周围区域,dpr
大范围的,dps
挫伤,dpt
18s,dpu
短少,dpv
持续性,dpw
扭曲的,dpx
旁灶性,dpy
表面染色,dpz
纵向,dqa
斑状的,dqb
16.06,dqc
砂硕样,dqd
极部,dqe
周两小簇,dqf
砂砾,dqg
两囊,dqh
孔缘,dqi
0.95,dqj
数量,dqk
外科,dql
4S,dqm
压迫,dqn
伴属区,dqo
上点,dqp
57s,dqq
缺少,dqr
有效,dqs
可获得的,dqt
余均,dqu
半支,dqv
连接,dqw
中等量,dqx
两条,dqy
供养,dqz
沿着,dra
辐轮样,drb
羽状,drc
内鼻,drd
中浆样,dre
处较,drf
处右,drg
周团,drh
多发性血管瘤,dri
扁平,drj
见全,drk
赤道,drl
英光区,drm
卷曲的,drn
数簇,dro
显像,drp
血管扩张的,drq
ICGA1,drr
小局,drs
周围的,drt
荧光照相,dru
对应的,drv
玻血,drw
半局,drx
点片,dry
镜头,drz
伪影,dsa
wAMD,dsb
一梭,dsc
形低,dsd
睫状后,dse
部份,dsf
20s,dsg
油液,dsh
界面,dsi
PPV,dsj
邹褶样,dsk
半周,dsl
局部水肿,dsm
片中,dsn
发育不良,dso
分,dsp
布局,dsq
后葡萄膜炎,dsr
及岛,dss
斑处,dst
弧见,dsu
部件,dsv
纤细的,dsw
明显增强,dsx
额低,dsy
必要时,dsz
下见,dta
窥不进,dtb
一低,dtc
端微,dtd
渐染,dte
板层,dtf
4s,dtg
散光,dth
圆斑,dti
建,dtj
议,dtk
眼球,dtl
伴伴,dtm
网性,dtn
处灶,dto
处圆,dtp
玻璃体切除,dtq
排列规则,dtr
部渐,dts
囊样变性,dtt
IGCA,dtu
周部边,dtv
处低,dtw
纠结,dtx
内弱,dty
周边区域,dtz
伴为,dua
UBM,dub
两圆,duc
一弧,dud
线状的,due
假性视乳头水肿,duf
问起,dug
深处,duh
病有,dui
侧眼,duj
下约,duk
渐变,dul
维持不变,dum
见面,dun
破裂性,duo
纤维素,dup
一斑,duq
仍见数,dur
燃料,dus
缘灶性,dut
略有,duu
部长,duv
样弱,duw
多灶点,dux
以上,duy
相应的,duz
纹理,dva
旁漆样,dvb
外段,dvc
羽毛,dvd
样伴,dve
淹没,dvf
正上方,dvg
膜的,dvh
正,dvi
弥漫性损害,dvj
自,dvk
赤光,dvl
大部,dvm
ARN,dvn
多灶样,dvo
drusen,dvp
靠,dvq
内透见,dvr
MH,dvs
侧牵引,dvt
不清晰,dvu
走向,dvv
形伴,dvw
DRod,dvx
伴多,dvy
细点,dvz
血清学检查,dwa
发育,dwb
CMV,dwc
均一的,dwd
数灶,dwe
11s,dwf
锐利,dwg
你,dwh
之后,dwi
小瘤,dwj
Dursen,dwk
coats,dwl
指向,dwm
裂伤,dwn
stickler,dwo
牵引性,dwp
倾斜,dwq
方位,dwr
两者之间,dws
损伤,dwt
偏暗,dwu
距,dwv
后小动脉,dww
动静脉吻合,dwx
树枝,dwy
端局,dwz
极端,dxa
与色,dxb
Fuch,dxc
旁见局,dxd
早起,dxe
各处,dxf
行略,dxg
班,dxh
攀,dxi
性细胞,dxj
凹处,dxk
Ω,dxl
可间,dxm
旁高,dxn
眼部,dxo
喷射状,dxp
周处,dxq
簇状轻,dxr
HRVO,dxs
睫状体脱离,dxt
袋状,dxu
一强,dxv
损害的,dxw
之强,dxx
包绕,dxy
弧及,dxz
同时,dya
锯齿状,dyb
波及,dyc
水油,dyd
疑有,dye
荧光团,dyf
未见明,dyg
内上,dyh
毛细血管层,dyi
块样,dyj
长入,dyk
强化,dyl
灶性出血,dym
四点,dyn
累计,dyo
共,dyp
面积,dyq
7.5,dyr
靶心,dys
遮盖,dyt
RD,dyu
隐匿,dyv
判别,dyw
偏上,dyx
各下,dyy
前线,dyz
引起的,dza
并发,dzb
一簇,dzc
多层次,dzd
性病变,dze
同,dzf
交界,dzg
不适,dzh
长的,dzi
毛细管,dzj
封闭,dzk
内高,dzl
灶弱,dzm
血,dzn
RPR,dzo
处约,dzp
下高,dzq
9PD,dzr
检查结果,dzs
VEP,dzt
9,dzu
未及,dzv
样漆,dzw
及视,dzx
个类,dzy
瓣状,dzz
浑浊性,eaa
内团,eab
Von,eac
Hipple,ead
VHL,eae
更清,eaf
未有,eag
屏障,eah
真,eai
见状,eaj
横行,eak
斑弱,eal
人,eam
向上的,ean
暗点,eao
分布密度,eap
密布,eaq
时间变化,ear
灶高,eas
巩膜葡萄肿,eat
CHRPE,eau
稍退,eav
颞半,eaw
荧素,eax
裸露,eay
区透见,eaz
渐强,eba
颅内,ebb
沉积,ebc
脉细,ebd
行经,ebe
过度,ebf
增益,ebg
渗透性,ebh
斑微,ebi
偷家,ebj
Stargardts,ebk
视锥细胞,ebl
陈呈低,ebm
端点,ebn
水,ebo
滴状的,ebp
类似,ebq
卵黄,ebr
OCTA,ebs
IRMA.3,ebt
膜内,ebu
向下移位,ebv
部见点,ebw
管壁增,ebx
粗,eby
呈局,ebz
极及,eca
体渐,ecb
弓形虫,ecc
畏光,ecd
脱位,ece
晶状体,ecf
盘状的,ecg
BVNos,ech
弓形,eci
体性,ecj
17.9,eck
簇状状,ecl
IRAM,ecm
伴一,ecn
内增殖,eco
皱折,ecp
椭圆状,ecq
疾病,ecr
cone,ecs
dystrophy,ect
2018,ecu
好转,ecv
方可,ecw
随着,ecx
时间的,ecy
增光,ecz
部分和,eda
微血,edb
补充,edc
报告,edd
丝,ede
絮状的,edf
NPDRou,edg
靠后,edh
AZOOR,edi
焦,edj
难,edk
带液,edl
平的,edm
局域,edn
图像细节,edo
哦,edp
数点,edq
姓名,edr
性点,eds
周围线,edt
密集点,edu
孔,edv
新,edw
寄存,edx
静,edy
珊瑚,edz
处为,eea
段状,eeb
behcets,eec
病请,eed
3s,eee
一球性,eef
上瘤样,eeg
直达,eeh
半远,eei
超,eej
长度,eek
处强,eel
引起,eem
NVD,een
光伴,eeo
去,eep
物质,eeq
常染色体,eer
隐性,ees
Best,eet
出发,eeu
血管瘤的,eev
下缘纤维,eew
24s,eex
15s,eey
Valsalva,eez
前团,efa
神经上皮层,efb
BEST,efc
止端,efd
MM,efe
影像判读,eff
伴大,efg
管腔,efh
垂直分布,efi
萎缩的,efj
不完全性,efk
垂直分支,efl
样小,efm
稍暗,efn
沿高,efo
联合,efp
具体,efq
神经纤维层,efr
显现,efs
46s,eft
1min40s,efu
间期,efv
呕吐,efw
数状强,efx
致,efy
侧的,efz
黑,ega
判断,egb
是否,egc
后囊,egd
轻至,ege
50,egf
60D,egg
椭圆型,egh
图像模糊,egi
肾形的,egj
菊花,egk
鞥,egl
蜂窝,egm
新旧,egn
以鼻上,ego
滋养动脉,egp
桑葚,egq
数小簇,egr
很,egs
糖尿,egt
行性,egu
集结,egv
帽状,egw
科,egx
处多局,egy
移动,egz
放疗,eha
周属区,ehb
眼底影像,ehc
部条,ehd
斑荧,ehe
例,ehf
相吻合,ehg
单侧性,ehh
多发的,ehi
伴鼻下,ehj
银光,ehk
再生障碍性贫血,ehl
局部性,ehm
中央型,ehn
应用,eho
正常区域,ehp
强伴,ehq
残余,ehr
几乎,ehs
沿及,eht
PVEPou,ehu
样轻,ehv
ICGos,ehw
蝶样,ehx
周环性,ehy
沁入,ehz
其鼻上,eia
小短,eib
一小片,eic
不完全的,eid
见长,eie
斜行,eif
中晚,eig
sd,eih
色,eii
PVEP,eij
团伴,eik
装漆样,eil
弓鼻下,eim
向中心,ein
小部分,eio
鼻下云,eip
使,eiq
局限,eir
部和远,eis
为期,eit
区低,eiu
眼病,eiv
视网膜下的,eiw
放射状的,eix
一小段,eiy
定期复查,eiz
散乱的,eja
炎性萎缩,ejb
明暗,ejc
相间,ejd
光带,eje
部及视,ejf
未伴,ejg
囊状息肉,ejh
部外,eji
呈点,ejj
形状不规则,ejk
短小,ejl
伴团,ejm
点晕状,ejn
MEWDSos,ejo
PICos,ejp
近似,ejq
梭,ejr
将,ejs
小凹,ejt
第二,eju
分叉的,ejv
起端,ejw
缘的,ejx
轻型,ejy
13,ejz
及小团,eka
均匀染色,ekb
内区域,ekc
素色,ekd
血供,eke
未能,ekf
级新生,ekg
两簇,ekh
色度,eki
40s,ekj
墨汁,ekk
光,ekl
样分布,ekm
不负责的,ekn
后边,eko
不可见,ekp
裂隙,ekq
Bechet,ekr
印戒样,eks
扔强,ekt
数支,eku
17.06,ekv
巨大的,ekw
灶下,ekx
局,eky
周灶点,ekz
下数,ela
线样,elb
内移位,elc
普遍性,eld
偶见,ele
垫压,elf
REP,elg
蔓状,elh
膨隆,eli
下端点,elj
01s,elk
RPEs,ell
监测,elm
血压,eln
璃,elo
体,elp
多灶类,elq
多灶弱,elr
大片的,els
交替,elt
靠拢,elu
各异,elv
环内的,elw
近局,elx
异常弯曲,ely
周两簇,elz
带状纤维,ema
旁的,emb
一查,emc
及盘,emd
有一点,eme
可以的,emf
环扎,emg
吻入,emh
处大,emi
稀薄的,emj
及期,emk
VHos,eml
前玻璃,emm
扇形的,emn
10s,emo
旁边,emp
血管囊,emq
遗传基因,emr
受损,ems
外及,emt
绕低,emu
样染,emv
尚存,emw
图示,emx
尅,emy
毛玻璃,emz
感,ena
区性,enb
见节,enc
前至,end
两类,ene
旁为,enf
风湿,eng
金中周,enh
附着于,eni
后表面,enj
周云,enk
术前,enl
四项,enm
少数,enn
仍未见,eno
比大,enp
不支持,enq
微无,enr
散瞳,ens
体强,ent
相关性,enu
仍为,env
逆行,enw
晚,enx
区旁,eny
格子状,enz
遗传性疾病,eoa
近视弧形斑,eob
Behcets,eoc
有关,eod
Bietti,eoe
余可,eof
23s,eog
排列,eoh
及膜,eoi
样物,eoj
梅,eok
囊性,eol
覆盖,eom
相绕,eon
问题,eoo
z,eop
染及,eoq
区域聚焦,eor
VI,eos
图形,eot
水滴形,eou
BNVod,eov
大微,eow
E通,eox
透性,eoy
脉络膜玻璃膜疣,eoz
顶部,epa
绒细状,epb
黑色素瘤,epc
内斑,epd
形透见,epe
相互,epf
缠结,epg
偏斜,eph
部明,epi
全闭,epj
积雪,epk
他,epl
负影,epm
边缘锐利,epn
随造,epo
尚轻,epp
下周,epq
不连续,epr
断,eps
—,ept
期及,epu
横向的,epv
及全,epw
圆孔,epx
来源不明,epy
处多,epz
热点,eqa
较强,eqb
两斑,eqc
可较,eqd
大多,eqe
高危,eqf
Drusen,eqg
无小,eqh
结节状,eqi
蕨,eqj
齿状,eqk
下有小,eql
白,eqm
差,eqn
完全,eqo
及小条,eqp
形变,eqq
直,eqr
性状,eqs
晕轮,eqt
葫芦,equ
点旁,eqv
亮点,eqw
半圆,eqx
片状的,eqy
匐,eqz
中大,era
就诊,erb
支脉,erc
房水,erd
粗颗粒,ere
高周,erf
内多,erg
见见,erh
味素,eri
蝶翅,erj
时间推移,erk
皱缩,erl
边界区,erm
白塞病,ern
26s,ero
眼底出血,erp
吸收,erq
复查,err
荧光色,ers
照,ert
毛躁,eru
经,erv
波浪状的,erw
ICGAou,erx
龟板,ery
焦距,erz
其余部分,esa
部分的,esb
并渐,esc
d,esd
影像模糊,ese
似,esf
眼眶,esg
忋,esh
变窄,esi
过小,esj
IV,esk
级,esl
鼻下局,esm
五个,esn
离,eso
偏远的,esp
两小段,esq
角膜,esr
陈旧性出血,ess
有小斑,est
血管病,esu
很少,esv
方向的,esw
感染性葡萄膜炎,esx
数团弱,esy
圆心,esz
数排,eta
强高,etb
夹角,etc
减小,etd
迟到,ete
皱缩的,etf
灯笼,etg
视鼻,eth
表层,eti
蛔虫感染,etj
IMRA,etk
视觉,etl
待,etm
部约,etn
片低,eto
头晕,etp
1s,etq
向内生长,etr
小团弱,ets
边,ett
灶岛样,etu
无脉络膜,etv
及弱,etw
定期检查,etx
怕,ety
行未见,etz
层斑状,eua
下斑状,eub
极小,euc
彩超,eud
球样,eue
处舟,euf
锥杆,eug
横跨,euh
16.39,eui
半月形的,euj
颞缘点,euk
多角形,eul
脑回,eum
前段,eun
UBMou,euo
小动脉炎,eup
蛛网状,euq
下限,eur
下微,eus
位约,eut
ARB,euu
基因,euv
筛查,euw
类圆性,eux
据,euy
造型,euz
下细,eva
簇状炎,evb
且,evc
弱低,evd
